{"message": "test log line", "level": "INFO"}
{"message": "log line 0"}
{"message": "log line 1"}
{"message": "log line 2"}
{"message": "log line 3"}
{"message": "log line 4"}
{"message": "test log line", "level": "INFO"}
{"message": "log line 0"}
{"message": "log line 1"}
{"message": "log line 2"}
{"message": "log line 3"}
{"message": "log line 4"}
{"message": "test log line", "level": "INFO"}
{"message": "log line 0"}
{"message": "log line 1"}
{"message": "log line 2"}
{"message": "log line 3"}
{"message": "log line 4"}
{"message": "test log line", "level": "INFO"}
{"message": "log line 0"}
{"message": "log line 1"}
{"message": "log line 2"}
{"message": "log line 3"}
{"message": "log line 4"}
{"message": "test log line", "level": "INFO"}
{"message": "log line 0"}
{"message": "log line 1"}
{"message": "log line 2"}
{"message": "log line 3"}
{"message": "log line 4"}
{"message": "test log line", "level": "INFO"}
{"message": "log line 0"}
{"message": "log line 1"}
{"message": "log line 2"}
{"message": "log line 3"}
{"message": "log line 4"}
{"message": "test log line", "level": "INFO"}
{"message": "log line 0"}
{"message": "log line 1"}
{"message": "log line 2"}
{"message": "log line 3"}
{"message": "log line 4"}
{"timestamp": 1780049890440, "level": "INFO", "message": "Payment request received. user_id=U2058 amt=$233", "service": "acme-payment-gateway", "trace_id": "c4176f64-76ec-41a5-972d-1e6a5599b004"}
{"timestamp": 1780049890440, "level": "INFO", "message": "Payment request received. user_id=U7427 amt=$117", "service": "acme-payment-gateway", "trace_id": "27d5d25a-fa0e-4b74-9f4c-3de69c768341"}
{"timestamp": 1780049890440, "level": "INFO", "message": "Payment request received. user_id=U1660 amt=$107", "service": "acme-payment-gateway", "trace_id": "48b40f58-d1e4-4462-8d20-9d1ee5481eb9"}
{"timestamp": 1780049890440, "level": "INFO", "message": "Payment request received. user_id=U8872 amt=$480", "service": "acme-payment-gateway", "trace_id": "f282c091-6cc4-43ce-94d8-eb64cf723c2d"}
{"timestamp": 1780049890440, "level": "INFO", "message": "Payment request received. user_id=U3099 amt=$325", "service": "acme-payment-gateway", "trace_id": "446fcb9f-0cba-4f7d-b841-00f24581f616"}
{"timestamp": 1780049890440, "level": "INFO", "message": "Payment request received. user_id=U9846 amt=$458", "service": "acme-payment-gateway", "trace_id": "9a84e29a-4a25-4006-b714-f2552a7192fa"}
{"timestamp": 1780049890440, "level": "INFO", "message": "Payment request received. user_id=U8760 amt=$145", "service": "acme-payment-gateway", "trace_id": "d1d7555b-a980-45ca-a601-95905c29a4d7"}
{"timestamp": 1780049890440, "level": "INFO", "message": "Payment request received. user_id=U2397 amt=$219", "service": "acme-payment-gateway", "trace_id": "46e4669e-8e10-443d-8aa7-cfa00049268d"}
{"timestamp": 1780049890440, "level": "INFO", "message": "Payment request received. user_id=U3443 amt=$217", "service": "acme-payment-gateway", "trace_id": "9fcebadc-fc17-4ab9-ae5f-0562b9444d8c"}
{"timestamp": 1780049890440, "level": "INFO", "message": "Payment request received. user_id=U9671 amt=$365", "service": "acme-payment-gateway", "trace_id": "e15830a7-662c-4e7a-95cb-0f1b317844a1"}
{"timestamp": 1780049890440, "level": "INFO", "message": "Payment request received. user_id=U6294 amt=$434", "service": "acme-payment-gateway", "trace_id": "9b2787f5-daa6-4667-ae5a-de239459c4ee"}
{"timestamp": 1780049890440, "level": "INFO", "message": "Payment request received. user_id=U8838 amt=$439", "service": "acme-payment-gateway", "trace_id": "72bb8639-4652-4afb-a3b2-eea900cf8817"}
{"timestamp": 1780049890440, "level": "INFO", "message": "Payment request received. user_id=U6758 amt=$138", "service": "acme-payment-gateway", "trace_id": "7d0c020a-0851-4612-9b61-ab6da9d32c7e"}
{"timestamp": 1780049890440, "level": "INFO", "message": "Payment request received. user_id=U2025 amt=$438", "service": "acme-payment-gateway", "trace_id": "8d6fece6-7ddc-4125-be0a-c4f51e71df38"}
{"timestamp": 1780049890440, "level": "INFO", "message": "Payment request received. user_id=U9128 amt=$494", "service": "acme-payment-gateway", "trace_id": "82a297de-61a2-4a62-b25e-29346eeb8a6d"}
{"timestamp": 1780049890440, "level": "INFO", "message": "Payment request received. user_id=U8307 amt=$260", "service": "acme-payment-gateway", "trace_id": "5fddd40c-fa66-4fb9-94a1-0765beaf495d"}
{"timestamp": 1780049890440, "level": "INFO", "message": "Payment request received. user_id=U5768 amt=$461", "service": "acme-payment-gateway", "trace_id": "ce23435e-9658-4c70-b8d1-1fab02a9e718"}
{"timestamp": 1780049890440, "level": "INFO", "message": "Payment request received. user_id=U7811 amt=$340", "service": "acme-payment-gateway", "trace_id": "bd82bd54-9920-4050-af12-29974c145473"}
{"timestamp": 1780049890440, "level": "INFO", "message": "Payment request received. user_id=U2376 amt=$201", "service": "acme-payment-gateway", "trace_id": "78ce74d0-d18e-4b87-b420-6a2fda511ca7"}
{"timestamp": 1780049890440, "level": "INFO", "message": "Payment request received. user_id=U8338 amt=$439", "service": "acme-payment-gateway", "trace_id": "2ef12f48-eebb-4a5d-8df8-959b7c924ce0"}
{"timestamp": 1780049890440, "level": "INFO", "message": "Payment request received. user_id=U5376 amt=$472", "service": "acme-payment-gateway", "trace_id": "b0a48d40-bfc6-4f01-b6e4-61371fc821a2"}
{"timestamp": 1780049890440, "level": "INFO", "message": "Payment request received. user_id=U1543 amt=$301", "service": "acme-payment-gateway", "trace_id": "86ae60ae-9df6-40d4-80ef-3a2176303438"}
{"timestamp": 1780049890440, "level": "INFO", "message": "Payment request received. user_id=U7883 amt=$440", "service": "acme-payment-gateway", "trace_id": "893f5a45-f2d2-4b4d-a9dc-4a0eeab133f4"}
{"timestamp": 1780049890440, "level": "INFO", "message": "Payment request received. user_id=U9427 amt=$294", "service": "acme-payment-gateway", "trace_id": "ce8d0083-02fd-412d-9c94-68595d4a9cd8"}
{"timestamp": 1780049890440, "level": "INFO", "message": "Payment request received. user_id=U6962 amt=$248", "service": "acme-payment-gateway", "trace_id": "ded75b86-01b3-494e-97df-a9d75ffaa073"}
{"timestamp": 1780049890440, "level": "INFO", "message": "Payment request received. user_id=U4513 amt=$95", "service": "acme-payment-gateway", "trace_id": "03a634fa-c77a-4410-828a-b21460812a7e"}
{"timestamp": 1780049890440, "level": "INFO", "message": "Payment request received. user_id=U4387 amt=$247", "service": "acme-payment-gateway", "trace_id": "ab3d8c61-9829-4d2c-b2ad-be6c8bddf3fb"}
{"timestamp": 1780049890440, "level": "INFO", "message": "Payment request received. user_id=U2415 amt=$219", "service": "acme-payment-gateway", "trace_id": "c5080405-f8bf-467e-ae20-55939a64caa4"}
{"timestamp": 1780049890440, "level": "INFO", "message": "Payment request received. user_id=U6891 amt=$29", "service": "acme-payment-gateway", "trace_id": "5f838248-6d18-459c-b675-abca1b7c2ecd"}
{"timestamp": 1780049890440, "level": "INFO", "message": "Payment request received. user_id=U7101 amt=$370", "service": "acme-payment-gateway", "trace_id": "69fad744-869d-4961-9c9c-5400d381bbe0"}
{"timestamp": 1780049890440, "level": "INFO", "message": "Payment request received. user_id=U2759 amt=$312", "service": "acme-payment-gateway", "trace_id": "90e5cd1a-b679-4fbb-8515-120f870fe96b"}
{"timestamp": 1780049890440, "level": "INFO", "message": "Payment request received. user_id=U3716 amt=$429", "service": "acme-payment-gateway", "trace_id": "2ff0329d-f479-4978-ad15-6cb3d77c8228"}
{"timestamp": 1780049890440, "level": "INFO", "message": "Payment request received. user_id=U5198 amt=$313", "service": "acme-payment-gateway", "trace_id": "9200a4bb-79d0-48ad-bff5-86404af481bd"}
{"timestamp": 1780049890440, "level": "INFO", "message": "Payment request received. user_id=U3133 amt=$280", "service": "acme-payment-gateway", "trace_id": "3002c54b-bc55-4fbc-aa23-987a0071e251"}
{"timestamp": 1780049890440, "level": "INFO", "message": "Payment request received. user_id=U3435 amt=$201", "service": "acme-payment-gateway", "trace_id": "65a0c275-9dae-4be0-b735-3e73790f23cc"}
{"timestamp": 1780049890440, "level": "INFO", "message": "Payment request received. user_id=U5766 amt=$391", "service": "acme-payment-gateway", "trace_id": "21ed5c79-30ed-4d93-b0d3-7c9306f50789"}
{"timestamp": 1780049890440, "level": "INFO", "message": "Payment request received. user_id=U6908 amt=$399", "service": "acme-payment-gateway", "trace_id": "56bd565b-80a8-4fcc-b6b3-564c32ed47f1"}
{"timestamp": 1780049890440, "level": "INFO", "message": "Payment request received. user_id=U5065 amt=$375", "service": "acme-payment-gateway", "trace_id": "93978bab-4419-480d-8700-789ac778ae6a"}
{"timestamp": 1780049890440, "level": "INFO", "message": "Payment request received. user_id=U2270 amt=$346", "service": "acme-payment-gateway", "trace_id": "0c322a3e-2e97-4e71-887a-3820079c0fcd"}
{"timestamp": 1780049890440, "level": "INFO", "message": "Payment request received. user_id=U2278 amt=$213", "service": "acme-payment-gateway", "trace_id": "fd085ba5-4f3b-435e-ab24-be71d4dbfd56"}
{"timestamp": 1780049890440, "level": "INFO", "message": "Payment request received. user_id=U3817 amt=$376", "service": "acme-payment-gateway", "trace_id": "02a7a76f-d35a-47c3-8d5f-15f614cc6693"}
{"timestamp": 1780049890440, "level": "INFO", "message": "Payment request received. user_id=U3039 amt=$57", "service": "acme-payment-gateway", "trace_id": "2e3db801-3803-485f-ba41-54804bf2f8f1"}
{"timestamp": 1780049890440, "level": "INFO", "message": "Payment request received. user_id=U1344 amt=$114", "service": "acme-payment-gateway", "trace_id": "f8268666-ab4b-4dee-87fc-4842e4a32c30"}
{"timestamp": 1780049890440, "level": "INFO", "message": "Payment request received. user_id=U1386 amt=$200", "service": "acme-payment-gateway", "trace_id": "94a93bf9-0c89-4ba6-9a1b-41b85139f8ba"}
{"timestamp": 1780049890440, "level": "INFO", "message": "Payment request received. user_id=U1973 amt=$92", "service": "acme-payment-gateway", "trace_id": "fbc241be-6be7-4046-b275-e6462ad35224"}
{"timestamp": 1780049890440, "level": "INFO", "message": "Payment request received. user_id=U9876 amt=$11", "service": "acme-payment-gateway", "trace_id": "c2a0c031-6684-4b6e-85c4-df7908469a38"}
{"timestamp": 1780049890440, "level": "INFO", "message": "Payment request received. user_id=U1013 amt=$246", "service": "acme-payment-gateway", "trace_id": "648dde6e-41a3-4e26-be31-b02daa658115"}
{"timestamp": 1780049890440, "level": "INFO", "message": "Payment request received. user_id=U3904 amt=$193", "service": "acme-payment-gateway", "trace_id": "2893ac9a-2469-47e2-8a97-fc7f028e7805"}
{"timestamp": 1780049890440, "level": "INFO", "message": "Payment request received. user_id=U8670 amt=$379", "service": "acme-payment-gateway", "trace_id": "45f8153a-ed62-4e58-909d-e9b65e1a9029"}
{"timestamp": 1780049890440, "level": "INFO", "message": "Payment request received. user_id=U1273 amt=$458", "service": "acme-payment-gateway", "trace_id": "cb25d267-2a5d-4f03-a304-caa861436d72"}
{"timestamp": 1780049890440, "level": "ERROR", "message": "Database timeout while connecting to write replica in us-east-1.", "service": "acme-payment-gateway", "trace_id": "c090ac4b-53cc-4644-9cb5-0c3963c019ae"}
{"timestamp": 1780049890440, "level": "ERROR", "message": "Database timeout while connecting to write replica in us-east-1.", "service": "acme-payment-gateway", "trace_id": "7cba1b96-1e30-4215-99f3-8f29411d9c68"}
{"timestamp": 1780049890440, "level": "ERROR", "message": "Database timeout while connecting to write replica in us-east-1.", "service": "acme-payment-gateway", "trace_id": "c2e5ebf8-3f34-4033-b43e-31a2cd5381fd"}
{"timestamp": 1780049890440, "level": "ERROR", "message": "Database timeout while connecting to write replica in us-east-1.", "service": "acme-payment-gateway", "trace_id": "ea2e9016-8d29-4655-919f-266a02e2a29c"}
{"timestamp": 1780049890440, "level": "ERROR", "message": "Database timeout while connecting to write replica in us-east-1.", "service": "acme-payment-gateway", "trace_id": "6dc60708-62db-4344-8bf5-22b6e362f14a"}
{"timestamp": 1780049890440, "level": "ERROR", "message": "Database timeout while connecting to write replica in us-east-1.", "service": "acme-payment-gateway", "trace_id": "cfbff16f-44b1-49f8-9605-e07ec51569c1"}
{"timestamp": 1780049890440, "level": "ERROR", "message": "Database timeout while connecting to write replica in us-east-1.", "service": "acme-payment-gateway", "trace_id": "2a579993-6234-4715-ae74-8cc826b63b6b"}
{"timestamp": 1780049890440, "level": "ERROR", "message": "Database timeout while connecting to write replica in us-east-1.", "service": "acme-payment-gateway", "trace_id": "458bd794-ede1-4a99-96af-d257d8ac9f48"}
{"timestamp": 1780049890440, "level": "ERROR", "message": "Database timeout while connecting to write replica in us-east-1.", "service": "acme-payment-gateway", "trace_id": "555d0455-d2fd-46d1-b9b7-171a4e2945b6"}
{"timestamp": 1780049890440, "level": "ERROR", "message": "Database timeout while connecting to write replica in us-east-1.", "service": "acme-payment-gateway", "trace_id": "7df40258-112d-4dd1-9531-8cfed5709c73"}
{"timestamp": 1780049890440, "level": "ERROR", "message": "Database timeout while connecting to write replica in us-east-1.", "service": "acme-payment-gateway", "trace_id": "cce8795d-7e82-418d-b7ce-3d080460aef7"}
{"timestamp": 1780049890440, "level": "ERROR", "message": "Database timeout while connecting to write replica in us-east-1.", "service": "acme-payment-gateway", "trace_id": "742e8a94-5a1c-4f55-a9d9-8bdb737615bd"}
{"timestamp": 1780049890440, "level": "ERROR", "message": "Database timeout while connecting to write replica in us-east-1.", "service": "acme-payment-gateway", "trace_id": "36da5110-521f-437f-97cc-3b8801bd6b07"}
{"timestamp": 1780049890440, "level": "ERROR", "message": "Database timeout while connecting to write replica in us-east-1.", "service": "acme-payment-gateway", "trace_id": "b7cad5e1-39eb-408c-a332-66450ca5e180"}
{"timestamp": 1780049890440, "level": "ERROR", "message": "Database timeout while connecting to write replica in us-east-1.", "service": "acme-payment-gateway", "trace_id": "df24fb06-5cd7-4ee8-afaa-a2bf6d334ec7"}
{"timestamp": 1780049979890, "level": "INFO", "message": "Payment request received. user_id=U8187 amt=$470", "service": "acme-payment-gateway", "trace_id": "ce8405bc-82b4-45db-9c8b-8eb12a15d39f"}
{"timestamp": 1780049979890, "level": "INFO", "message": "Payment request received. user_id=U5129 amt=$205", "service": "acme-payment-gateway", "trace_id": "952630b5-c795-4db5-8430-aef1e3797fd1"}
{"timestamp": 1780049979890, "level": "INFO", "message": "Payment request received. user_id=U2574 amt=$169", "service": "acme-payment-gateway", "trace_id": "66705d12-b514-47db-93ed-11b710073b5d"}
{"timestamp": 1780049979890, "level": "INFO", "message": "Payment request received. user_id=U3811 amt=$108", "service": "acme-payment-gateway", "trace_id": "c685c3ec-2f56-4ce2-b54c-9ac5cc1afd87"}
{"timestamp": 1780049979890, "level": "INFO", "message": "Payment request received. user_id=U7967 amt=$476", "service": "acme-payment-gateway", "trace_id": "9aea7574-3eaa-42a2-a3ae-5f1bce68cea5"}
{"timestamp": 1780049979890, "level": "INFO", "message": "Payment request received. user_id=U4442 amt=$324", "service": "acme-payment-gateway", "trace_id": "ed60156b-3c7b-486c-bdfa-9e50977d73a1"}
{"timestamp": 1780049979890, "level": "INFO", "message": "Payment request received. user_id=U8911 amt=$110", "service": "acme-payment-gateway", "trace_id": "305a75b7-109d-4c09-b078-a633dc30366b"}
{"timestamp": 1780049979890, "level": "INFO", "message": "Payment request received. user_id=U9809 amt=$348", "service": "acme-payment-gateway", "trace_id": "df3824dc-32c1-44b0-9a6b-4cb409446827"}
{"timestamp": 1780049979890, "level": "INFO", "message": "Payment request received. user_id=U8908 amt=$227", "service": "acme-payment-gateway", "trace_id": "25b65a20-6e34-4afe-855a-cbb219c55e62"}
{"timestamp": 1780049979890, "level": "INFO", "message": "Payment request received. user_id=U9208 amt=$208", "service": "acme-payment-gateway", "trace_id": "34f8bae4-b6c2-4b64-985a-0878fe18f2b2"}
{"timestamp": 1780049979890, "level": "INFO", "message": "Payment request received. user_id=U5149 amt=$454", "service": "acme-payment-gateway", "trace_id": "0fcba10e-6d08-4179-9e15-d6c0dcbbd2aa"}
{"timestamp": 1780049979890, "level": "INFO", "message": "Payment request received. user_id=U2062 amt=$61", "service": "acme-payment-gateway", "trace_id": "4cc63755-f592-4754-a2da-6913bc510ab7"}
{"timestamp": 1780049979890, "level": "INFO", "message": "Payment request received. user_id=U3682 amt=$123", "service": "acme-payment-gateway", "trace_id": "79f87ce0-c48c-486b-a8cf-53048bc7a178"}
{"timestamp": 1780049979890, "level": "INFO", "message": "Payment request received. user_id=U2052 amt=$162", "service": "acme-payment-gateway", "trace_id": "71a60905-cb6b-41e4-a9e1-62b7e6ef0adb"}
{"timestamp": 1780049979890, "level": "INFO", "message": "Payment request received. user_id=U2295 amt=$403", "service": "acme-payment-gateway", "trace_id": "5cb2cb00-e983-41d8-a5b3-068c59e47800"}
{"timestamp": 1780049979890, "level": "INFO", "message": "Payment request received. user_id=U8517 amt=$137", "service": "acme-payment-gateway", "trace_id": "f3152001-6635-4aba-9348-8b7fc78077b1"}
{"timestamp": 1780049979890, "level": "INFO", "message": "Payment request received. user_id=U6291 amt=$335", "service": "acme-payment-gateway", "trace_id": "35f22240-0895-4507-b9a5-ef381630d977"}
{"timestamp": 1780049979890, "level": "INFO", "message": "Payment request received. user_id=U8930 amt=$175", "service": "acme-payment-gateway", "trace_id": "dd8de576-a8ba-4052-bb3e-a63cb52e08c9"}
{"timestamp": 1780049979890, "level": "INFO", "message": "Payment request received. user_id=U3481 amt=$490", "service": "acme-payment-gateway", "trace_id": "ad7a6273-3df9-4ad3-8555-c2704ec99a16"}
{"timestamp": 1780049979890, "level": "INFO", "message": "Payment request received. user_id=U4263 amt=$416", "service": "acme-payment-gateway", "trace_id": "4728f6ea-7d59-4a56-afc5-ff972c5e34da"}
{"timestamp": 1780049979890, "level": "INFO", "message": "Payment request received. user_id=U7720 amt=$16", "service": "acme-payment-gateway", "trace_id": "796a91df-b467-42ac-98d6-7621c70707ac"}
{"timestamp": 1780049979890, "level": "INFO", "message": "Payment request received. user_id=U5918 amt=$47", "service": "acme-payment-gateway", "trace_id": "ef3e8530-da2d-49f7-a671-371500f32b76"}
{"timestamp": 1780049979890, "level": "INFO", "message": "Payment request received. user_id=U2357 amt=$245", "service": "acme-payment-gateway", "trace_id": "b7dd813c-2eb0-4cd1-801f-a06076b9014f"}
{"timestamp": 1780049979890, "level": "INFO", "message": "Payment request received. user_id=U7336 amt=$184", "service": "acme-payment-gateway", "trace_id": "738a0792-cc6b-46b3-87b1-669ba6905055"}
{"timestamp": 1780049979890, "level": "INFO", "message": "Payment request received. user_id=U4654 amt=$197", "service": "acme-payment-gateway", "trace_id": "c7408e47-0304-4fe7-bce6-f814a2f4c6ef"}
{"timestamp": 1780049979890, "level": "INFO", "message": "Payment request received. user_id=U7547 amt=$55", "service": "acme-payment-gateway", "trace_id": "e9d1e6de-4d17-4a33-bb3a-498cd389f845"}
{"timestamp": 1780049979890, "level": "INFO", "message": "Payment request received. user_id=U8679 amt=$407", "service": "acme-payment-gateway", "trace_id": "d8efae9e-ec02-452f-b7c7-18e0b31c34f8"}
{"timestamp": 1780049979890, "level": "INFO", "message": "Payment request received. user_id=U2443 amt=$194", "service": "acme-payment-gateway", "trace_id": "a935a78e-650d-4f23-9337-623b0d5ad04e"}
{"timestamp": 1780049979890, "level": "INFO", "message": "Payment request received. user_id=U7597 amt=$221", "service": "acme-payment-gateway", "trace_id": "18e1fd7b-1d57-4d36-aca2-f37ae7ea8e02"}
{"timestamp": 1780049979890, "level": "INFO", "message": "Payment request received. user_id=U8602 amt=$380", "service": "acme-payment-gateway", "trace_id": "d815f5a4-1805-4a24-b17b-050b42cd7221"}
{"timestamp": 1780049979890, "level": "INFO", "message": "Payment request received. user_id=U3576 amt=$131", "service": "acme-payment-gateway", "trace_id": "1aa462ee-3a73-41e0-a10f-4b85ab762010"}
{"timestamp": 1780049979890, "level": "INFO", "message": "Payment request received. user_id=U9598 amt=$104", "service": "acme-payment-gateway", "trace_id": "8f3f7dc7-bd88-4f07-b26c-9870fdb169be"}
{"timestamp": 1780049979890, "level": "INFO", "message": "Payment request received. user_id=U3756 amt=$122", "service": "acme-payment-gateway", "trace_id": "15fe1d40-82a8-43d8-b3db-930e6c53449b"}
{"timestamp": 1780049979890, "level": "INFO", "message": "Payment request received. user_id=U5250 amt=$438", "service": "acme-payment-gateway", "trace_id": "33401bb9-9f7c-45a3-a71d-ce337d2d4a4d"}
{"timestamp": 1780049979890, "level": "INFO", "message": "Payment request received. user_id=U3717 amt=$373", "service": "acme-payment-gateway", "trace_id": "6ecffc1c-b6fa-4ca8-8c42-b8e10d83288c"}
{"timestamp": 1780049979890, "level": "INFO", "message": "Payment request received. user_id=U2899 amt=$387", "service": "acme-payment-gateway", "trace_id": "0ae8ba50-a6c2-45e8-a8a4-47b7fbe107be"}
{"timestamp": 1780049979890, "level": "INFO", "message": "Payment request received. user_id=U2716 amt=$56", "service": "acme-payment-gateway", "trace_id": "f16c4a5f-ef5f-4c4e-892d-466f36729ae7"}
{"timestamp": 1780049979890, "level": "INFO", "message": "Payment request received. user_id=U2549 amt=$252", "service": "acme-payment-gateway", "trace_id": "59a31106-08b8-4120-9212-fa8df8685950"}
{"timestamp": 1780049979890, "level": "INFO", "message": "Payment request received. user_id=U9756 amt=$238", "service": "acme-payment-gateway", "trace_id": "21e4f598-6200-4a9c-81c1-b152066250d1"}
{"timestamp": 1780049979890, "level": "INFO", "message": "Payment request received. user_id=U3935 amt=$219", "service": "acme-payment-gateway", "trace_id": "f9cd632d-39ce-47a6-b235-656bf8c4fcbf"}
{"timestamp": 1780049979890, "level": "INFO", "message": "Payment request received. user_id=U4782 amt=$118", "service": "acme-payment-gateway", "trace_id": "ec3614cc-bae6-44ce-a33e-0938fed4f828"}
{"timestamp": 1780049979890, "level": "INFO", "message": "Payment request received. user_id=U4704 amt=$244", "service": "acme-payment-gateway", "trace_id": "6e9dd2c6-a569-4c89-a0b1-82467e1c36fa"}
{"timestamp": 1780049979890, "level": "INFO", "message": "Payment request received. user_id=U2420 amt=$182", "service": "acme-payment-gateway", "trace_id": "673f0595-1b6d-4ede-8d84-e3a5f341d233"}
{"timestamp": 1780049979890, "level": "INFO", "message": "Payment request received. user_id=U5323 amt=$480", "service": "acme-payment-gateway", "trace_id": "4cfbe10f-c235-4236-ad03-62e34ef2ef64"}
{"timestamp": 1780049979890, "level": "INFO", "message": "Payment request received. user_id=U4302 amt=$219", "service": "acme-payment-gateway", "trace_id": "e09d9675-18f7-43a5-b772-8d664acbe2f8"}
{"timestamp": 1780049979890, "level": "INFO", "message": "Payment request received. user_id=U6598 amt=$495", "service": "acme-payment-gateway", "trace_id": "63edf845-2331-4503-8351-3d1430e944da"}
{"timestamp": 1780049979890, "level": "INFO", "message": "Payment request received. user_id=U3391 amt=$178", "service": "acme-payment-gateway", "trace_id": "fc5dc150-ccbe-4c90-94d0-a0026f0fb9f3"}
{"timestamp": 1780049979890, "level": "INFO", "message": "Payment request received. user_id=U9454 amt=$241", "service": "acme-payment-gateway", "trace_id": "89a743ad-dcd8-4062-9a2f-70f081a3bd6c"}
{"timestamp": 1780049979890, "level": "INFO", "message": "Payment request received. user_id=U4674 amt=$134", "service": "acme-payment-gateway", "trace_id": "a62df62e-52eb-4230-ac46-46b8f32ad1d0"}
{"timestamp": 1780049979890, "level": "INFO", "message": "Payment request received. user_id=U2657 amt=$129", "service": "acme-payment-gateway", "trace_id": "7cf10e73-7668-4210-a59f-0ba8f635db7b"}
{"timestamp": 1780049979890, "level": "ERROR", "message": "Database timeout while connecting to write replica in us-east-1.", "service": "acme-payment-gateway", "trace_id": "954bb21c-288e-4096-b00e-0eaafa38d842"}
{"timestamp": 1780049979890, "level": "ERROR", "message": "Database timeout while connecting to write replica in us-east-1.", "service": "acme-payment-gateway", "trace_id": "76266628-fcbe-474d-b6f7-d56ccc1a306c"}
{"timestamp": 1780049979890, "level": "ERROR", "message": "Database timeout while connecting to write replica in us-east-1.", "service": "acme-payment-gateway", "trace_id": "c62c5848-ac27-4303-993c-17328d105157"}
{"timestamp": 1780049979890, "level": "ERROR", "message": "Database timeout while connecting to write replica in us-east-1.", "service": "acme-payment-gateway", "trace_id": "9ef98b0e-57c8-4535-b055-f00093f63404"}
{"timestamp": 1780049979890, "level": "ERROR", "message": "Database timeout while connecting to write replica in us-east-1.", "service": "acme-payment-gateway", "trace_id": "e5016245-4490-424e-a245-5090ea1f4464"}
{"timestamp": 1780049979890, "level": "ERROR", "message": "Database timeout while connecting to write replica in us-east-1.", "service": "acme-payment-gateway", "trace_id": "2bec3d87-f5c4-4586-9608-3ea66a0044a7"}
{"timestamp": 1780049979890, "level": "ERROR", "message": "Database timeout while connecting to write replica in us-east-1.", "service": "acme-payment-gateway", "trace_id": "389e20b6-dc0f-42ea-b2b8-b2977cc8a16e"}
{"timestamp": 1780049979890, "level": "ERROR", "message": "Database timeout while connecting to write replica in us-east-1.", "service": "acme-payment-gateway", "trace_id": "8e4c90b3-db6b-472b-9706-47fb4477dfa0"}
{"timestamp": 1780049979890, "level": "ERROR", "message": "Database timeout while connecting to write replica in us-east-1.", "service": "acme-payment-gateway", "trace_id": "8c06d1e3-783a-43cc-8a4c-50888e04df8c"}
{"timestamp": 1780049979890, "level": "ERROR", "message": "Database timeout while connecting to write replica in us-east-1.", "service": "acme-payment-gateway", "trace_id": "a3396e54-228e-44aa-b6b6-68148090046e"}
{"timestamp": 1780049979890, "level": "ERROR", "message": "Database timeout while connecting to write replica in us-east-1.", "service": "acme-payment-gateway", "trace_id": "083624c4-c662-4a97-8426-f16af3b9d6e8"}
{"timestamp": 1780049979890, "level": "ERROR", "message": "Database timeout while connecting to write replica in us-east-1.", "service": "acme-payment-gateway", "trace_id": "de17f2f3-b792-40cc-9c1a-81e69f070b1d"}
{"timestamp": 1780049979890, "level": "ERROR", "message": "Database timeout while connecting to write replica in us-east-1.", "service": "acme-payment-gateway", "trace_id": "4c240955-cc5f-4175-964f-db2c1ac9b6e9"}
{"timestamp": 1780049979890, "level": "ERROR", "message": "Database timeout while connecting to write replica in us-east-1.", "service": "acme-payment-gateway", "trace_id": "57f531dd-e7ce-412d-ab4e-d218ab4ff656"}
{"timestamp": 1780049979890, "level": "ERROR", "message": "Database timeout while connecting to write replica in us-east-1.", "service": "acme-payment-gateway", "trace_id": "b5e3cfe3-64be-4abe-8d20-142be6f34153"}
{"@timestamp": "2026-05-29T18:00:02.047020051Z", "event": {"kind": "event", "category": "network", "type": "denied", "dataset": "ebpf.network", "action": "drop"}, "network": {"transport": "tcp"}, "host": {"hostname": "semanticos-node", "os": {"platform": "linux", "family": "alpine"}}}
{"@timestamp": "2026-05-29T18:00:04.046157718Z", "event": {"kind": "event", "category": "network", "type": "denied", "dataset": "ebpf.network", "action": "drop"}, "network": {"transport": "tcp"}, "host": {"hostname": "semanticos-node", "os": {"platform": "linux", "family": "alpine"}}}
{"@timestamp": "2026-05-29T18:00:06.046107928Z", "event": {"kind": "event", "category": "network", "type": "denied", "dataset": "ebpf.network", "action": "drop"}, "network": {"transport": "tcp"}, "host": {"hostname": "semanticos-node", "os": {"platform": "linux", "family": "alpine"}}}
{"@timestamp": "2026-05-29T18:00:08.047813637Z", "event": {"kind": "event", "category": "network", "type": "denied", "dataset": "ebpf.network", "action": "drop"}, "network": {"transport": "tcp"}, "host": {"hostname": "semanticos-node", "os": {"platform": "linux", "family": "alpine"}}}
{"@timestamp": "2026-05-29T18:00:10.047527804Z", "event": {"kind": "event", "category": "network", "type": "denied", "dataset": "ebpf.network", "action": "drop"}, "network": {"transport": "tcp"}, "host": {"hostname": "semanticos-node", "os": {"platform": "linux", "family": "alpine"}}}
{"@timestamp": "2026-05-29T18:00:12.047488389Z", "event": {"kind": "event", "category": "network", "type": "denied", "dataset": "ebpf.network", "action": "drop"}, "network": {"transport": "tcp"}, "host": {"hostname": "semanticos-node", "os": {"platform": "linux", "family": "alpine"}}}
{"@timestamp": "2026-05-29T18:00:14.046704875Z", "event": {"kind": "event", "category": "network", "type": "denied", "dataset": "ebpf.network", "action": "drop"}, "network": {"transport": "tcp"}, "host": {"hostname": "semanticos-node", "os": {"platform": "linux", "family": "alpine"}}}
{"@timestamp": "2026-05-29T18:00:16.043946376Z", "event": {"kind": "event", "category": "network", "type": "denied", "dataset": "ebpf.network", "action": "drop"}, "network": {"transport": "tcp"}, "host": {"hostname": "semanticos-node", "os": {"platform": "linux", "family": "alpine"}}}
{"@timestamp": "2026-05-29T18:00:18.051751002Z", "event": {"kind": "event", "category": "network", "type": "denied", "dataset": "ebpf.network", "action": "drop"}, "network": {"transport": "tcp"}, "host": {"hostname": "semanticos-node", "os": {"platform": "linux", "family": "alpine"}}}
{"@timestamp": "2026-05-29T18:00:20.046726087Z", "event": {"kind": "event", "category": "network", "type": "denied", "dataset": "ebpf.network", "action": "drop"}, "network": {"transport": "tcp"}, "host": {"hostname": "semanticos-node", "os": {"platform": "linux", "family": "alpine"}}}
{"@timestamp": "2026-05-29T18:00:22.046646046Z", "event": {"kind": "event", "category": "network", "type": "denied", "dataset": "ebpf.network", "action": "drop"}, "network": {"transport": "tcp"}, "host": {"hostname": "semanticos-node", "os": {"platform": "linux", "family": "alpine"}}}
{"@timestamp": "2026-05-29T18:00:24.046728547Z", "event": {"kind": "event", "category": "network", "type": "denied", "dataset": "ebpf.network", "action": "drop"}, "network": {"transport": "tcp"}, "host": {"hostname": "semanticos-node", "os": {"platform": "linux", "family": "alpine"}}}
{"@timestamp": "2026-05-29T18:00:26.045178339Z", "event": {"kind": "event", "category": "network", "type": "denied", "dataset": "ebpf.network", "action": "drop"}, "network": {"transport": "tcp"}, "host": {"hostname": "semanticos-node", "os": {"platform": "linux", "family": "alpine"}}}
{"@timestamp": "2026-05-29T18:00:28.04580259Z", "event": {"kind": "event", "category": "network", "type": "denied", "dataset": "ebpf.network", "action": "drop"}, "network": {"transport": "tcp"}, "host": {"hostname": "semanticos-node", "os": {"platform": "linux", "family": "alpine"}}}
{"@timestamp": "2026-05-29T18:00:30.0444868Z", "event": {"kind": "event", "category": "network", "type": "denied", "dataset": "ebpf.network", "action": "drop"}, "network": {"transport": "tcp"}, "host": {"hostname": "semanticos-node", "os": {"platform": "linux", "family": "alpine"}}}
{"@timestamp": "2026-05-29T18:00:32.051972884Z", "event": {"kind": "event", "category": "network", "type": "denied", "dataset": "ebpf.network", "action": "drop"}, "network": {"transport": "tcp"}, "host": {"hostname": "semanticos-node", "os": {"platform": "linux", "family": "alpine"}}}
{"@timestamp": "2026-05-29T18:00:34.046409635Z", "event": {"kind": "event", "category": "network", "type": "denied", "dataset": "ebpf.network", "action": "drop"}, "network": {"transport": "tcp"}, "host": {"hostname": "semanticos-node", "os": {"platform": "linux", "family": "alpine"}}}
{"@timestamp": "2026-05-29T18:00:36.045204261Z", "event": {"kind": "event", "category": "network", "type": "denied", "dataset": "ebpf.network", "action": "drop"}, "network": {"transport": "tcp"}, "host": {"hostname": "semanticos-node", "os": {"platform": "linux", "family": "alpine"}}}
{"@timestamp": "2026-05-29T18:00:38.045956053Z", "event": {"kind": "event", "category": "network", "type": "denied", "dataset": "ebpf.network", "action": "drop"}, "network": {"transport": "tcp"}, "host": {"hostname": "semanticos-node", "os": {"platform": "linux", "family": "alpine"}}}
{"@timestamp": "2026-05-29T18:00:40.047271888Z", "event": {"kind": "event", "category": "network", "type": "denied", "dataset": "ebpf.network", "action": "drop"}, "network": {"transport": "tcp"}, "host": {"hostname": "semanticos-node", "os": {"platform": "linux", "family": "alpine"}}}
{"@timestamp": "2026-05-29T18:00:42.045223972Z", "event": {"kind": "event", "category": "network", "type": "denied", "dataset": "ebpf.network", "action": "drop"}, "network": {"transport": "tcp"}, "host": {"hostname": "semanticos-node", "os": {"platform": "linux", "family": "alpine"}}}
{"@timestamp": "2026-05-29T18:00:44.047578875Z", "event": {"kind": "event", "category": "network", "type": "denied", "dataset": "ebpf.network", "action": "drop"}, "network": {"transport": "tcp"}, "host": {"hostname": "semanticos-node", "os": {"platform": "linux", "family": "alpine"}}}
{"@timestamp": "2026-05-29T18:00:46.048109376Z", "event": {"kind": "event", "category": "network", "type": "denied", "dataset": "ebpf.network", "action": "drop"}, "network": {"transport": "tcp"}, "host": {"hostname": "semanticos-node", "os": {"platform": "linux", "family": "alpine"}}}
{"@timestamp": "2026-05-29T18:00:48.047853502Z", "event": {"kind": "event", "category": "network", "type": "denied", "dataset": "ebpf.network", "action": "drop"}, "network": {"transport": "tcp"}, "host": {"hostname": "semanticos-node", "os": {"platform": "linux", "family": "alpine"}}}
{"@timestamp": "2026-05-29T18:00:50.045649003Z", "event": {"kind": "event", "category": "network", "type": "denied", "dataset": "ebpf.network", "action": "drop"}, "network": {"transport": "tcp"}, "host": {"hostname": "semanticos-node", "os": {"platform": "linux", "family": "alpine"}}}
{"@timestamp": "2026-05-29T18:00:52.048716588Z", "event": {"kind": "event", "category": "network", "type": "denied", "dataset": "ebpf.network", "action": "drop"}, "network": {"transport": "tcp"}, "host": {"hostname": "semanticos-node", "os": {"platform": "linux", "family": "alpine"}}}
{"@timestamp": "2026-05-29T18:00:54.048726588Z", "event": {"kind": "event", "category": "network", "type": "denied", "dataset": "ebpf.network", "action": "drop"}, "network": {"transport": "tcp"}, "host": {"hostname": "semanticos-node", "os": {"platform": "linux", "family": "alpine"}}}
{"@timestamp": "2026-05-29T18:00:56.047335839Z", "event": {"kind": "event", "category": "network", "type": "denied", "dataset": "ebpf.network", "action": "drop"}, "network": {"transport": "tcp"}, "host": {"hostname": "semanticos-node", "os": {"platform": "linux", "family": "alpine"}}}
{"@timestamp": "2026-05-29T18:00:58.04683034Z", "event": {"kind": "event", "category": "network", "type": "denied", "dataset": "ebpf.network", "action": "drop"}, "network": {"transport": "tcp"}, "host": {"hostname": "semanticos-node", "os": {"platform": "linux", "family": "alpine"}}}
{"@timestamp": "2026-05-29T18:01:00.047472383Z", "event": {"kind": "event", "category": "network", "type": "denied", "dataset": "ebpf.network", "action": "drop"}, "network": {"transport": "tcp"}, "host": {"hostname": "semanticos-node", "os": {"platform": "linux", "family": "alpine"}}}
{"@timestamp": "2026-05-29T18:01:02.047415176Z", "event": {"kind": "event", "category": "network", "type": "denied", "dataset": "ebpf.network", "action": "drop"}, "network": {"transport": "tcp"}, "host": {"hostname": "semanticos-node", "os": {"platform": "linux", "family": "alpine"}}}
{"@timestamp": "2026-05-29T18:01:04.047843468Z", "event": {"kind": "event", "category": "network", "type": "denied", "dataset": "ebpf.network", "action": "drop"}, "network": {"transport": "tcp"}, "host": {"hostname": "semanticos-node", "os": {"platform": "linux", "family": "alpine"}}}
{"@timestamp": "2026-05-29T18:01:06.047765886Z", "event": {"kind": "event", "category": "network", "type": "denied", "dataset": "ebpf.network", "action": "drop"}, "network": {"transport": "tcp"}, "host": {"hostname": "semanticos-node", "os": {"platform": "linux", "family": "alpine"}}}
{"@timestamp": "2026-05-29T18:01:08.048071428Z", "event": {"kind": "event", "category": "network", "type": "denied", "dataset": "ebpf.network", "action": "drop"}, "network": {"transport": "tcp"}, "host": {"hostname": "semanticos-node", "os": {"platform": "linux", "family": "alpine"}}}
{"@timestamp": "2026-05-29T18:01:10.046811179Z", "event": {"kind": "event", "category": "network", "type": "denied", "dataset": "ebpf.network", "action": "drop"}, "network": {"transport": "tcp"}, "host": {"hostname": "semanticos-node", "os": {"platform": "linux", "family": "alpine"}}}
{"@timestamp": "2026-05-29T18:01:12.047543514Z", "event": {"kind": "event", "category": "network", "type": "denied", "dataset": "ebpf.network", "action": "drop"}, "network": {"transport": "tcp"}, "host": {"hostname": "semanticos-node", "os": {"platform": "linux", "family": "alpine"}}}
{"@timestamp": "2026-05-29T18:01:14.048204125Z", "event": {"kind": "event", "category": "network", "type": "denied", "dataset": "ebpf.network", "action": "drop"}, "network": {"transport": "tcp"}, "host": {"hostname": "semanticos-node", "os": {"platform": "linux", "family": "alpine"}}}
{"@timestamp": "2026-05-29T18:01:16.046960668Z", "event": {"kind": "event", "category": "network", "type": "denied", "dataset": "ebpf.network", "action": "drop"}, "network": {"transport": "tcp"}, "host": {"hostname": "semanticos-node", "os": {"platform": "linux", "family": "alpine"}}}
{"@timestamp": "2026-05-29T18:01:18.047767419Z", "event": {"kind": "event", "category": "network", "type": "denied", "dataset": "ebpf.network", "action": "drop"}, "network": {"transport": "tcp"}, "host": {"hostname": "semanticos-node", "os": {"platform": "linux", "family": "alpine"}}}
{"@timestamp": "2026-05-29T18:01:20.04574917Z", "event": {"kind": "event", "category": "network", "type": "denied", "dataset": "ebpf.network", "action": "drop"}, "network": {"transport": "tcp"}, "host": {"hostname": "semanticos-node", "os": {"platform": "linux", "family": "alpine"}}}
{"@timestamp": "2026-05-29T18:01:22.048481587Z", "event": {"kind": "event", "category": "network", "type": "denied", "dataset": "ebpf.network", "action": "drop"}, "network": {"transport": "tcp"}, "host": {"hostname": "semanticos-node", "os": {"platform": "linux", "family": "alpine"}}}
{"@timestamp": "2026-05-29T18:01:24.048435922Z", "event": {"kind": "event", "category": "network", "type": "denied", "dataset": "ebpf.network", "action": "drop"}, "network": {"transport": "tcp"}, "host": {"hostname": "semanticos-node", "os": {"platform": "linux", "family": "alpine"}}}
{"@timestamp": "2026-05-29T18:01:26.046732089Z", "event": {"kind": "event", "category": "network", "type": "denied", "dataset": "ebpf.network", "action": "drop"}, "network": {"transport": "tcp"}, "host": {"hostname": "semanticos-node", "os": {"platform": "linux", "family": "alpine"}}}
{"@timestamp": "2026-05-29T18:01:28.04677584Z", "event": {"kind": "event", "category": "network", "type": "denied", "dataset": "ebpf.network", "action": "drop"}, "network": {"transport": "tcp"}, "host": {"hostname": "semanticos-node", "os": {"platform": "linux", "family": "alpine"}}}
{"@timestamp": "2026-05-29T18:01:30.046338758Z", "event": {"kind": "event", "category": "network", "type": "denied", "dataset": "ebpf.network", "action": "drop"}, "network": {"transport": "tcp"}, "host": {"hostname": "semanticos-node", "os": {"platform": "linux", "family": "alpine"}}}
{"@timestamp": "2026-05-29T18:01:32.047132259Z", "event": {"kind": "event", "category": "network", "type": "denied", "dataset": "ebpf.network", "action": "drop"}, "network": {"transport": "tcp"}, "host": {"hostname": "semanticos-node", "os": {"platform": "linux", "family": "alpine"}}}
{"@timestamp": "2026-05-29T18:01:34.047648968Z", "event": {"kind": "event", "category": "network", "type": "denied", "dataset": "ebpf.network", "action": "drop"}, "network": {"transport": "tcp"}, "host": {"hostname": "semanticos-node", "os": {"platform": "linux", "family": "alpine"}}}
{"@timestamp": "2026-05-29T18:01:36.046953553Z", "event": {"kind": "event", "category": "network", "type": "denied", "dataset": "ebpf.network", "action": "drop"}, "network": {"transport": "tcp"}, "host": {"hostname": "semanticos-node", "os": {"platform": "linux", "family": "alpine"}}}
{"@timestamp": "2026-05-29T18:01:38.047402428Z", "event": {"kind": "event", "category": "network", "type": "denied", "dataset": "ebpf.network", "action": "drop"}, "network": {"transport": "tcp"}, "host": {"hostname": "semanticos-node", "os": {"platform": "linux", "family": "alpine"}}}
{"@timestamp": "2026-05-29T18:01:40.046593138Z", "event": {"kind": "event", "category": "network", "type": "denied", "dataset": "ebpf.network", "action": "drop"}, "network": {"transport": "tcp"}, "host": {"hostname": "semanticos-node", "os": {"platform": "linux", "family": "alpine"}}}
{"@timestamp": "2026-05-29T18:01:42.04782993Z", "event": {"kind": "event", "category": "network", "type": "denied", "dataset": "ebpf.network", "action": "drop"}, "network": {"transport": "tcp"}, "host": {"hostname": "semanticos-node", "os": {"platform": "linux", "family": "alpine"}}}
{"@timestamp": "2026-05-29T18:01:44.044568084Z", "event": {"kind": "event", "category": "network", "type": "denied", "dataset": "ebpf.network", "action": "drop"}, "network": {"transport": "tcp"}, "host": {"hostname": "semanticos-node", "os": {"platform": "linux", "family": "alpine"}}}
{"@timestamp": "2026-05-29T18:01:46.04829646Z", "event": {"kind": "event", "category": "network", "type": "denied", "dataset": "ebpf.network", "action": "drop"}, "network": {"transport": "tcp"}, "host": {"hostname": "semanticos-node", "os": {"platform": "linux", "family": "alpine"}}}
{"@timestamp": "2026-05-29T18:01:48.047463711Z", "event": {"kind": "event", "category": "network", "type": "denied", "dataset": "ebpf.network", "action": "drop"}, "network": {"transport": "tcp"}, "host": {"hostname": "semanticos-node", "os": {"platform": "linux", "family": "alpine"}}}
{"@timestamp": "2026-05-29T18:01:50.04525967Z", "event": {"kind": "event", "category": "network", "type": "denied", "dataset": "ebpf.network", "action": "drop"}, "network": {"transport": "tcp"}, "host": {"hostname": "semanticos-node", "os": {"platform": "linux", "family": "alpine"}}}
{"@timestamp": "2026-05-29T18:01:52.046519337Z", "event": {"kind": "event", "category": "network", "type": "denied", "dataset": "ebpf.network", "action": "drop"}, "network": {"transport": "tcp"}, "host": {"hostname": "semanticos-node", "os": {"platform": "linux", "family": "alpine"}}}
{"@timestamp": "2026-05-29T18:01:54.044692213Z", "event": {"kind": "event", "category": "network", "type": "denied", "dataset": "ebpf.network", "action": "drop"}, "network": {"transport": "tcp"}, "host": {"hostname": "semanticos-node", "os": {"platform": "linux", "family": "alpine"}}}
{"@timestamp": "2026-05-29T18:01:56.046117131Z", "event": {"kind": "event", "category": "network", "type": "denied", "dataset": "ebpf.network", "action": "drop"}, "network": {"transport": "tcp"}, "host": {"hostname": "semanticos-node", "os": {"platform": "linux", "family": "alpine"}}}
{"@timestamp": "2026-05-29T18:01:58.046416007Z", "event": {"kind": "event", "category": "network", "type": "denied", "dataset": "ebpf.network", "action": "drop"}, "network": {"transport": "tcp"}, "host": {"hostname": "semanticos-node", "os": {"platform": "linux", "family": "alpine"}}}
{"@timestamp": "2026-05-29T18:02:00.044785508Z", "event": {"kind": "event", "category": "network", "type": "denied", "dataset": "ebpf.network", "action": "drop"}, "network": {"transport": "tcp"}, "host": {"hostname": "semanticos-node", "os": {"platform": "linux", "family": "alpine"}}}
{"@timestamp": "2026-05-29T18:02:02.046502592Z", "event": {"kind": "event", "category": "network", "type": "denied", "dataset": "ebpf.network", "action": "drop"}, "network": {"transport": "tcp"}, "host": {"hostname": "semanticos-node", "os": {"platform": "linux", "family": "alpine"}}}
{"@timestamp": "2026-05-29T18:02:04.046666885Z", "event": {"kind": "event", "category": "network", "type": "denied", "dataset": "ebpf.network", "action": "drop"}, "network": {"transport": "tcp"}, "host": {"hostname": "semanticos-node", "os": {"platform": "linux", "family": "alpine"}}}
{"@timestamp": "2026-05-29T18:02:06.046042386Z", "event": {"kind": "event", "category": "network", "type": "denied", "dataset": "ebpf.network", "action": "drop"}, "network": {"transport": "tcp"}, "host": {"hostname": "semanticos-node", "os": {"platform": "linux", "family": "alpine"}}}
{"@timestamp": "2026-05-29T18:02:08.047720178Z", "event": {"kind": "event", "category": "network", "type": "denied", "dataset": "ebpf.network", "action": "drop"}, "network": {"transport": "tcp"}, "host": {"hostname": "semanticos-node", "os": {"platform": "linux", "family": "alpine"}}}
{"@timestamp": "2026-05-29T18:02:10.046720888Z", "event": {"kind": "event", "category": "network", "type": "denied", "dataset": "ebpf.network", "action": "drop"}, "network": {"transport": "tcp"}, "host": {"hostname": "semanticos-node", "os": {"platform": "linux", "family": "alpine"}}}
{"@timestamp": "2026-05-29T18:02:12.046920347Z", "event": {"kind": "event", "category": "network", "type": "denied", "dataset": "ebpf.network", "action": "drop"}, "network": {"transport": "tcp"}, "host": {"hostname": "semanticos-node", "os": {"platform": "linux", "family": "alpine"}}}
{"@timestamp": "2026-05-29T18:02:14.046873625Z", "event": {"kind": "event", "category": "network", "type": "denied", "dataset": "ebpf.network", "action": "drop"}, "network": {"transport": "tcp"}, "host": {"hostname": "semanticos-node", "os": {"platform": "linux", "family": "alpine"}}}
{"@timestamp": "2026-05-29T18:02:16.047249543Z", "event": {"kind": "event", "category": "network", "type": "denied", "dataset": "ebpf.network", "action": "drop"}, "network": {"transport": "tcp"}, "host": {"hostname": "semanticos-node", "os": {"platform": "linux", "family": "alpine"}}}
{"@timestamp": "2026-05-29T18:02:18.046489669Z", "event": {"kind": "event", "category": "network", "type": "denied", "dataset": "ebpf.network", "action": "drop"}, "network": {"transport": "tcp"}, "host": {"hostname": "semanticos-node", "os": {"platform": "linux", "family": "alpine"}}}
{"@timestamp": "2026-05-29T18:02:20.04887092Z", "event": {"kind": "event", "category": "network", "type": "denied", "dataset": "ebpf.network", "action": "drop"}, "network": {"transport": "tcp"}, "host": {"hostname": "semanticos-node", "os": {"platform": "linux", "family": "alpine"}}}
{"@timestamp": "2026-05-29T18:02:22.047395629Z", "event": {"kind": "event", "category": "network", "type": "denied", "dataset": "ebpf.network", "action": "drop"}, "network": {"transport": "tcp"}, "host": {"hostname": "semanticos-node", "os": {"platform": "linux", "family": "alpine"}}}
{"@timestamp": "2026-05-29T18:02:24.048351672Z", "event": {"kind": "event", "category": "network", "type": "denied", "dataset": "ebpf.network", "action": "drop"}, "network": {"transport": "tcp"}, "host": {"hostname": "semanticos-node", "os": {"platform": "linux", "family": "alpine"}}}
{"@timestamp": "2026-05-29T18:02:26.047018589Z", "event": {"kind": "event", "category": "network", "type": "denied", "dataset": "ebpf.network", "action": "drop"}, "network": {"transport": "tcp"}, "host": {"hostname": "semanticos-node", "os": {"platform": "linux", "family": "alpine"}}}
{"@timestamp": "2026-05-29T18:02:28.047362799Z", "event": {"kind": "event", "category": "network", "type": "denied", "dataset": "ebpf.network", "action": "drop"}, "network": {"transport": "tcp"}, "host": {"hostname": "semanticos-node", "os": {"platform": "linux", "family": "alpine"}}}
{"@timestamp": "2026-05-29T18:02:30.048151925Z", "event": {"kind": "event", "category": "network", "type": "denied", "dataset": "ebpf.network", "action": "drop"}, "network": {"transport": "tcp"}, "host": {"hostname": "semanticos-node", "os": {"platform": "linux", "family": "alpine"}}}
{"@timestamp": "2026-05-29T18:02:32.048667259Z", "event": {"kind": "event", "category": "network", "type": "denied", "dataset": "ebpf.network", "action": "drop"}, "network": {"transport": "tcp"}, "host": {"hostname": "semanticos-node", "os": {"platform": "linux", "family": "alpine"}}}
{"@timestamp": "2026-05-29T18:02:34.04839001Z", "event": {"kind": "event", "category": "network", "type": "denied", "dataset": "ebpf.network", "action": "drop"}, "network": {"transport": "tcp"}, "host": {"hostname": "semanticos-node", "os": {"platform": "linux", "family": "alpine"}}}
{"@timestamp": "2026-05-29T18:02:36.047056303Z", "event": {"kind": "event", "category": "network", "type": "denied", "dataset": "ebpf.network", "action": "drop"}, "network": {"transport": "tcp"}, "host": {"hostname": "semanticos-node", "os": {"platform": "linux", "family": "alpine"}}}
{"@timestamp": "2026-05-29T18:02:38.047350428Z", "event": {"kind": "event", "category": "network", "type": "denied", "dataset": "ebpf.network", "action": "drop"}, "network": {"transport": "tcp"}, "host": {"hostname": "semanticos-node", "os": {"platform": "linux", "family": "alpine"}}}
{"@timestamp": "2026-05-29T18:02:40.047524096Z", "event": {"kind": "event", "category": "network", "type": "denied", "dataset": "ebpf.network", "action": "drop"}, "network": {"transport": "tcp"}, "host": {"hostname": "semanticos-node", "os": {"platform": "linux", "family": "alpine"}}}
{"@timestamp": "2026-05-29T18:02:42.05228293Z", "event": {"kind": "event", "category": "network", "type": "denied", "dataset": "ebpf.network", "action": "drop"}, "network": {"transport": "tcp"}, "host": {"hostname": "semanticos-node", "os": {"platform": "linux", "family": "alpine"}}}
{"@timestamp": "2026-05-29T18:02:44.049411875Z", "event": {"kind": "event", "category": "network", "type": "denied", "dataset": "ebpf.network", "action": "drop"}, "network": {"transport": "tcp"}, "host": {"hostname": "semanticos-node", "os": {"platform": "linux", "family": "alpine"}}}
{"@timestamp": "2026-05-29T18:02:46.047745251Z", "event": {"kind": "event", "category": "network", "type": "denied", "dataset": "ebpf.network", "action": "drop"}, "network": {"transport": "tcp"}, "host": {"hostname": "semanticos-node", "os": {"platform": "linux", "family": "alpine"}}}
{"@timestamp": "2026-05-29T18:02:48.047560836Z", "event": {"kind": "event", "category": "network", "type": "denied", "dataset": "ebpf.network", "action": "drop"}, "network": {"transport": "tcp"}, "host": {"hostname": "semanticos-node", "os": {"platform": "linux", "family": "alpine"}}}
{"@timestamp": "2026-05-29T18:02:50.047465087Z", "event": {"kind": "event", "category": "network", "type": "denied", "dataset": "ebpf.network", "action": "drop"}, "network": {"transport": "tcp"}, "host": {"hostname": "semanticos-node", "os": {"platform": "linux", "family": "alpine"}}}
{"@timestamp": "2026-05-29T18:02:52.046937462Z", "event": {"kind": "event", "category": "network", "type": "denied", "dataset": "ebpf.network", "action": "drop"}, "network": {"transport": "tcp"}, "host": {"hostname": "semanticos-node", "os": {"platform": "linux", "family": "alpine"}}}
{"@timestamp": "2026-05-29T18:02:54.046627088Z", "event": {"kind": "event", "category": "network", "type": "denied", "dataset": "ebpf.network", "action": "drop"}, "network": {"transport": "tcp"}, "host": {"hostname": "semanticos-node", "os": {"platform": "linux", "family": "alpine"}}}
{"@timestamp": "2026-05-29T18:02:56.046875131Z", "event": {"kind": "event", "category": "network", "type": "denied", "dataset": "ebpf.network", "action": "drop"}, "network": {"transport": "tcp"}, "host": {"hostname": "semanticos-node", "os": {"platform": "linux", "family": "alpine"}}}
{"@timestamp": "2026-05-29T18:02:58.048608882Z", "event": {"kind": "event", "category": "network", "type": "denied", "dataset": "ebpf.network", "action": "drop"}, "network": {"transport": "tcp"}, "host": {"hostname": "semanticos-node", "os": {"platform": "linux", "family": "alpine"}}}
{"@timestamp": "2026-05-29T18:03:00.050762883Z", "event": {"kind": "event", "category": "network", "type": "denied", "dataset": "ebpf.network", "action": "drop"}, "network": {"transport": "tcp"}, "host": {"hostname": "semanticos-node", "os": {"platform": "linux", "family": "alpine"}}}
{"@timestamp": "2026-05-29T18:03:02.048052342Z", "event": {"kind": "event", "category": "network", "type": "denied", "dataset": "ebpf.network", "action": "drop"}, "network": {"transport": "tcp"}, "host": {"hostname": "semanticos-node", "os": {"platform": "linux", "family": "alpine"}}}
{"@timestamp": "2026-05-29T18:03:04.048009885Z", "event": {"kind": "event", "category": "network", "type": "denied", "dataset": "ebpf.network", "action": "drop"}, "network": {"transport": "tcp"}, "host": {"hostname": "semanticos-node", "os": {"platform": "linux", "family": "alpine"}}}
{"@timestamp": "2026-05-29T18:03:06.046842094Z", "event": {"kind": "event", "category": "network", "type": "denied", "dataset": "ebpf.network", "action": "drop"}, "network": {"transport": "tcp"}, "host": {"hostname": "semanticos-node", "os": {"platform": "linux", "family": "alpine"}}}
{"@timestamp": "2026-05-29T18:03:08.046693553Z", "event": {"kind": "event", "category": "network", "type": "denied", "dataset": "ebpf.network", "action": "drop"}, "network": {"transport": "tcp"}, "host": {"hostname": "semanticos-node", "os": {"platform": "linux", "family": "alpine"}}}
{"@timestamp": "2026-05-29T18:03:10.049548221Z", "event": {"kind": "event", "category": "network", "type": "denied", "dataset": "ebpf.network", "action": "drop"}, "network": {"transport": "tcp"}, "host": {"hostname": "semanticos-node", "os": {"platform": "linux", "family": "alpine"}}}
{"@timestamp": "2026-05-29T18:03:12.049162764Z", "event": {"kind": "event", "category": "network", "type": "denied", "dataset": "ebpf.network", "action": "drop"}, "network": {"transport": "tcp"}, "host": {"hostname": "semanticos-node", "os": {"platform": "linux", "family": "alpine"}}}
{"@timestamp": "2026-05-29T18:03:14.0500675Z", "event": {"kind": "event", "category": "network", "type": "denied", "dataset": "ebpf.network", "action": "drop"}, "network": {"transport": "tcp"}, "host": {"hostname": "semanticos-node", "os": {"platform": "linux", "family": "alpine"}}}
{"@timestamp": "2026-05-29T18:03:16.04979721Z", "event": {"kind": "event", "category": "network", "type": "denied", "dataset": "ebpf.network", "action": "drop"}, "network": {"transport": "tcp"}, "host": {"hostname": "semanticos-node", "os": {"platform": "linux", "family": "alpine"}}}
{"@timestamp": "2026-05-29T18:03:18.047542336Z", "event": {"kind": "event", "category": "network", "type": "denied", "dataset": "ebpf.network", "action": "drop"}, "network": {"transport": "tcp"}, "host": {"hostname": "semanticos-node", "os": {"platform": "linux", "family": "alpine"}}}
{"@timestamp": "2026-05-29T18:03:20.047133962Z", "event": {"kind": "event", "category": "network", "type": "denied", "dataset": "ebpf.network", "action": "drop"}, "network": {"transport": "tcp"}, "host": {"hostname": "semanticos-node", "os": {"platform": "linux", "family": "alpine"}}}
{"@timestamp": "2026-05-29T18:03:22.047071296Z", "event": {"kind": "event", "category": "network", "type": "denied", "dataset": "ebpf.network", "action": "drop"}, "network": {"transport": "tcp"}, "host": {"hostname": "semanticos-node", "os": {"platform": "linux", "family": "alpine"}}}
{"@timestamp": "2026-05-29T18:03:24.049983755Z", "event": {"kind": "event", "category": "network", "type": "denied", "dataset": "ebpf.network", "action": "drop"}, "network": {"transport": "tcp"}, "host": {"hostname": "semanticos-node", "os": {"platform": "linux", "family": "alpine"}}}
{"@timestamp": "2026-05-29T18:03:26.048365506Z", "event": {"kind": "event", "category": "network", "type": "denied", "dataset": "ebpf.network", "action": "drop"}, "network": {"transport": "tcp"}, "host": {"hostname": "semanticos-node", "os": {"platform": "linux", "family": "alpine"}}}
{"@timestamp": "2026-05-29T18:03:28.047508632Z", "event": {"kind": "event", "category": "network", "type": "denied", "dataset": "ebpf.network", "action": "drop"}, "network": {"transport": "tcp"}, "host": {"hostname": "semanticos-node", "os": {"platform": "linux", "family": "alpine"}}}
{"@timestamp": "2026-05-29T18:03:30.049298883Z", "event": {"kind": "event", "category": "network", "type": "denied", "dataset": "ebpf.network", "action": "drop"}, "network": {"transport": "tcp"}, "host": {"hostname": "semanticos-node", "os": {"platform": "linux", "family": "alpine"}}}
{"@timestamp": "2026-05-29T18:03:32.048109509Z", "event": {"kind": "event", "category": "network", "type": "denied", "dataset": "ebpf.network", "action": "drop"}, "network": {"transport": "tcp"}, "host": {"hostname": "semanticos-node", "os": {"platform": "linux", "family": "alpine"}}}
{"@timestamp": "2026-05-29T18:03:34.047569302Z", "event": {"kind": "event", "category": "network", "type": "denied", "dataset": "ebpf.network", "action": "drop"}, "network": {"transport": "tcp"}, "host": {"hostname": "semanticos-node", "os": {"platform": "linux", "family": "alpine"}}}
{"@timestamp": "2026-05-29T18:03:36.049191386Z", "event": {"kind": "event", "category": "network", "type": "denied", "dataset": "ebpf.network", "action": "drop"}, "network": {"transport": "tcp"}, "host": {"hostname": "semanticos-node", "os": {"platform": "linux", "family": "alpine"}}}
{"@timestamp": "2026-05-29T18:03:38.04685847Z", "event": {"kind": "event", "category": "network", "type": "denied", "dataset": "ebpf.network", "action": "drop"}, "network": {"transport": "tcp"}, "host": {"hostname": "semanticos-node", "os": {"platform": "linux", "family": "alpine"}}}
{"@timestamp": "2026-05-29T18:03:40.050032804Z", "event": {"kind": "event", "category": "network", "type": "denied", "dataset": "ebpf.network", "action": "drop"}, "network": {"transport": "tcp"}, "host": {"hostname": "semanticos-node", "os": {"platform": "linux", "family": "alpine"}}}
{"@timestamp": "2026-05-29T18:03:42.04923218Z", "event": {"kind": "event", "category": "network", "type": "denied", "dataset": "ebpf.network", "action": "drop"}, "network": {"transport": "tcp"}, "host": {"hostname": "semanticos-node", "os": {"platform": "linux", "family": "alpine"}}}
{"@timestamp": "2026-05-29T18:03:44.047501917Z", "event": {"kind": "event", "category": "network", "type": "denied", "dataset": "ebpf.network", "action": "drop"}, "network": {"transport": "tcp"}, "host": {"hostname": "semanticos-node", "os": {"platform": "linux", "family": "alpine"}}}
{"@timestamp": "2026-05-29T18:03:46.04774746Z", "event": {"kind": "event", "category": "network", "type": "denied", "dataset": "ebpf.network", "action": "drop"}, "network": {"transport": "tcp"}, "host": {"hostname": "semanticos-node", "os": {"platform": "linux", "family": "alpine"}}}
{"@timestamp": "2026-05-29T18:03:48.049216252Z", "event": {"kind": "event", "category": "network", "type": "denied", "dataset": "ebpf.network", "action": "drop"}, "network": {"transport": "tcp"}, "host": {"hostname": "semanticos-node", "os": {"platform": "linux", "family": "alpine"}}}
{"@timestamp": "2026-05-29T18:03:50.04710917Z", "event": {"kind": "event", "category": "network", "type": "denied", "dataset": "ebpf.network", "action": "drop"}, "network": {"transport": "tcp"}, "host": {"hostname": "semanticos-node", "os": {"platform": "linux", "family": "alpine"}}}
{"@timestamp": "2026-05-29T18:03:52.045894879Z", "event": {"kind": "event", "category": "network", "type": "denied", "dataset": "ebpf.network", "action": "drop"}, "network": {"transport": "tcp"}, "host": {"hostname": "semanticos-node", "os": {"platform": "linux", "family": "alpine"}}}
{"@timestamp": "2026-05-29T18:03:54.047855713Z", "event": {"kind": "event", "category": "network", "type": "denied", "dataset": "ebpf.network", "action": "drop"}, "network": {"transport": "tcp"}, "host": {"hostname": "semanticos-node", "os": {"platform": "linux", "family": "alpine"}}}
{"@timestamp": "2026-05-29T18:03:56.046784631Z", "event": {"kind": "event", "category": "network", "type": "denied", "dataset": "ebpf.network", "action": "drop"}, "network": {"transport": "tcp"}, "host": {"hostname": "semanticos-node", "os": {"platform": "linux", "family": "alpine"}}}
{"@timestamp": "2026-05-29T18:03:58.04910059Z", "event": {"kind": "event", "category": "network", "type": "denied", "dataset": "ebpf.network", "action": "drop"}, "network": {"transport": "tcp"}, "host": {"hostname": "semanticos-node", "os": {"platform": "linux", "family": "alpine"}}}
{"@timestamp": "2026-05-29T18:04:00.046773508Z", "event": {"kind": "event", "category": "network", "type": "denied", "dataset": "ebpf.network", "action": "drop"}, "network": {"transport": "tcp"}, "host": {"hostname": "semanticos-node", "os": {"platform": "linux", "family": "alpine"}}}
{"@timestamp": "2026-05-29T18:04:02.048248676Z", "event": {"kind": "event", "category": "network", "type": "denied", "dataset": "ebpf.network", "action": "drop"}, "network": {"transport": "tcp"}, "host": {"hostname": "semanticos-node", "os": {"platform": "linux", "family": "alpine"}}}
{"@timestamp": "2026-05-29T18:04:04.048556552Z", "event": {"kind": "event", "category": "network", "type": "denied", "dataset": "ebpf.network", "action": "drop"}, "network": {"transport": "tcp"}, "host": {"hostname": "semanticos-node", "os": {"platform": "linux", "family": "alpine"}}}
{"@timestamp": "2026-05-29T18:04:06.047441552Z", "event": {"kind": "event", "category": "network", "type": "denied", "dataset": "ebpf.network", "action": "drop"}, "network": {"transport": "tcp"}, "host": {"hostname": "semanticos-node", "os": {"platform": "linux", "family": "alpine"}}}
{"@timestamp": "2026-05-29T18:04:08.047893887Z", "event": {"kind": "event", "category": "network", "type": "denied", "dataset": "ebpf.network", "action": "drop"}, "network": {"transport": "tcp"}, "host": {"hostname": "semanticos-node", "os": {"platform": "linux", "family": "alpine"}}}
{"@timestamp": "2026-05-29T18:04:10.047236846Z", "event": {"kind": "event", "category": "network", "type": "denied", "dataset": "ebpf.network", "action": "drop"}, "network": {"transport": "tcp"}, "host": {"hostname": "semanticos-node", "os": {"platform": "linux", "family": "alpine"}}}
{"@timestamp": "2026-05-29T18:04:12.047509639Z", "event": {"kind": "event", "category": "network", "type": "denied", "dataset": "ebpf.network", "action": "drop"}, "network": {"transport": "tcp"}, "host": {"hostname": "semanticos-node", "os": {"platform": "linux", "family": "alpine"}}}
{"@timestamp": "2026-05-29T18:04:14.045307792Z", "event": {"kind": "event", "category": "network", "type": "denied", "dataset": "ebpf.network", "action": "drop"}, "network": {"transport": "tcp"}, "host": {"hostname": "semanticos-node", "os": {"platform": "linux", "family": "alpine"}}}
{"@timestamp": "2026-05-29T18:04:16.048024585Z", "event": {"kind": "event", "category": "network", "type": "denied", "dataset": "ebpf.network", "action": "drop"}, "network": {"transport": "tcp"}, "host": {"hostname": "semanticos-node", "os": {"platform": "linux", "family": "alpine"}}}
{"@timestamp": "2026-05-29T18:04:18.047013377Z", "event": {"kind": "event", "category": "network", "type": "denied", "dataset": "ebpf.network", "action": "drop"}, "network": {"transport": "tcp"}, "host": {"hostname": "semanticos-node", "os": {"platform": "linux", "family": "alpine"}}}
{"@timestamp": "2026-05-29T18:04:20.047365128Z", "event": {"kind": "event", "category": "network", "type": "denied", "dataset": "ebpf.network", "action": "drop"}, "network": {"transport": "tcp"}, "host": {"hostname": "semanticos-node", "os": {"platform": "linux", "family": "alpine"}}}
{"@timestamp": "2026-05-29T18:04:22.046287087Z", "event": {"kind": "event", "category": "network", "type": "denied", "dataset": "ebpf.network", "action": "drop"}, "network": {"transport": "tcp"}, "host": {"hostname": "semanticos-node", "os": {"platform": "linux", "family": "alpine"}}}
{"@timestamp": "2026-05-29T18:04:24.046279755Z", "event": {"kind": "event", "category": "network", "type": "denied", "dataset": "ebpf.network", "action": "drop"}, "network": {"transport": "tcp"}, "host": {"hostname": "semanticos-node", "os": {"platform": "linux", "family": "alpine"}}}
{"@timestamp": "2026-05-29T18:04:26.046999839Z", "event": {"kind": "event", "category": "network", "type": "denied", "dataset": "ebpf.network", "action": "drop"}, "network": {"transport": "tcp"}, "host": {"hostname": "semanticos-node", "os": {"platform": "linux", "family": "alpine"}}}
{"@timestamp": "2026-05-29T18:04:28.046948257Z", "event": {"kind": "event", "category": "network", "type": "denied", "dataset": "ebpf.network", "action": "drop"}, "network": {"transport": "tcp"}, "host": {"hostname": "semanticos-node", "os": {"platform": "linux", "family": "alpine"}}}
{"@timestamp": "2026-05-29T18:04:30.0479603Z", "event": {"kind": "event", "category": "network", "type": "denied", "dataset": "ebpf.network", "action": "drop"}, "network": {"transport": "tcp"}, "host": {"hostname": "semanticos-node", "os": {"platform": "linux", "family": "alpine"}}}
{"@timestamp": "2026-05-29T18:04:32.047026967Z", "event": {"kind": "event", "category": "network", "type": "denied", "dataset": "ebpf.network", "action": "drop"}, "network": {"transport": "tcp"}, "host": {"hostname": "semanticos-node", "os": {"platform": "linux", "family": "alpine"}}}
{"@timestamp": "2026-05-29T18:04:34.048105843Z", "event": {"kind": "event", "category": "network", "type": "denied", "dataset": "ebpf.network", "action": "drop"}, "network": {"transport": "tcp"}, "host": {"hostname": "semanticos-node", "os": {"platform": "linux", "family": "alpine"}}}
{"@timestamp": "2026-05-29T18:04:36.047914802Z", "event": {"kind": "event", "category": "network", "type": "denied", "dataset": "ebpf.network", "action": "drop"}, "network": {"transport": "tcp"}, "host": {"hostname": "semanticos-node", "os": {"platform": "linux", "family": "alpine"}}}
{"@timestamp": "2026-05-29T18:04:38.049102762Z", "event": {"kind": "event", "category": "network", "type": "denied", "dataset": "ebpf.network", "action": "drop"}, "network": {"transport": "tcp"}, "host": {"hostname": "semanticos-node", "os": {"platform": "linux", "family": "alpine"}}}
{"@timestamp": "2026-05-29T18:04:40.047473263Z", "event": {"kind": "event", "category": "network", "type": "denied", "dataset": "ebpf.network", "action": "drop"}, "network": {"transport": "tcp"}, "host": {"hostname": "semanticos-node", "os": {"platform": "linux", "family": "alpine"}}}
{"@timestamp": "2026-05-29T18:04:42.047542305Z", "event": {"kind": "event", "category": "network", "type": "denied", "dataset": "ebpf.network", "action": "drop"}, "network": {"transport": "tcp"}, "host": {"hostname": "semanticos-node", "os": {"platform": "linux", "family": "alpine"}}}
{"@timestamp": "2026-05-29T18:04:44.048895625Z", "event": {"kind": "event", "category": "network", "type": "denied", "dataset": "ebpf.network", "action": "drop"}, "network": {"transport": "tcp"}, "host": {"hostname": "semanticos-node", "os": {"platform": "linux", "family": "alpine"}}}
{"@timestamp": "2026-05-29T18:04:46.048416668Z", "event": {"kind": "event", "category": "network", "type": "denied", "dataset": "ebpf.network", "action": "drop"}, "network": {"transport": "tcp"}, "host": {"hostname": "semanticos-node", "os": {"platform": "linux", "family": "alpine"}}}
{"@timestamp": "2026-05-29T18:04:48.049117502Z", "event": {"kind": "event", "category": "network", "type": "denied", "dataset": "ebpf.network", "action": "drop"}, "network": {"transport": "tcp"}, "host": {"hostname": "semanticos-node", "os": {"platform": "linux", "family": "alpine"}}}
{"@timestamp": "2026-05-29T18:04:50.049326295Z", "event": {"kind": "event", "category": "network", "type": "denied", "dataset": "ebpf.network", "action": "drop"}, "network": {"transport": "tcp"}, "host": {"hostname": "semanticos-node", "os": {"platform": "linux", "family": "alpine"}}}
{"@timestamp": "2026-05-29T18:04:52.050372504Z", "event": {"kind": "event", "category": "network", "type": "denied", "dataset": "ebpf.network", "action": "drop"}, "network": {"transport": "tcp"}, "host": {"hostname": "semanticos-node", "os": {"platform": "linux", "family": "alpine"}}}
{"@timestamp": "2026-05-29T18:04:54.049487463Z", "event": {"kind": "event", "category": "network", "type": "denied", "dataset": "ebpf.network", "action": "drop"}, "network": {"transport": "tcp"}, "host": {"hostname": "semanticos-node", "os": {"platform": "linux", "family": "alpine"}}}
{"@timestamp": "2026-05-29T18:04:56.048608006Z", "event": {"kind": "event", "category": "network", "type": "denied", "dataset": "ebpf.network", "action": "drop"}, "network": {"transport": "tcp"}, "host": {"hostname": "semanticos-node", "os": {"platform": "linux", "family": "alpine"}}}
{"@timestamp": "2026-05-29T18:04:58.048964549Z", "event": {"kind": "event", "category": "network", "type": "denied", "dataset": "ebpf.network", "action": "drop"}, "network": {"transport": "tcp"}, "host": {"hostname": "semanticos-node", "os": {"platform": "linux", "family": "alpine"}}}
{"@timestamp": "2026-05-29T18:05:00.04889355Z", "event": {"kind": "event", "category": "network", "type": "denied", "dataset": "ebpf.network", "action": "drop"}, "network": {"transport": "tcp"}, "host": {"hostname": "semanticos-node", "os": {"platform": "linux", "family": "alpine"}}}
{"@timestamp": "2026-05-29T18:05:02.050323092Z", "event": {"kind": "event", "category": "network", "type": "denied", "dataset": "ebpf.network", "action": "drop"}, "network": {"transport": "tcp"}, "host": {"hostname": "semanticos-node", "os": {"platform": "linux", "family": "alpine"}}}
{"@timestamp": "2026-05-29T18:05:04.048367677Z", "event": {"kind": "event", "category": "network", "type": "denied", "dataset": "ebpf.network", "action": "drop"}, "network": {"transport": "tcp"}, "host": {"hostname": "semanticos-node", "os": {"platform": "linux", "family": "alpine"}}}
{"@timestamp": "2026-05-29T18:05:06.048442094Z", "event": {"kind": "event", "category": "network", "type": "denied", "dataset": "ebpf.network", "action": "drop"}, "network": {"transport": "tcp"}, "host": {"hostname": "semanticos-node", "os": {"platform": "linux", "family": "alpine"}}}
{"@timestamp": "2026-05-29T18:05:08.050960595Z", "event": {"kind": "event", "category": "network", "type": "denied", "dataset": "ebpf.network", "action": "drop"}, "network": {"transport": "tcp"}, "host": {"hostname": "semanticos-node", "os": {"platform": "linux", "family": "alpine"}}}
{"@timestamp": "2026-05-29T18:05:10.048298429Z", "event": {"kind": "event", "category": "network", "type": "denied", "dataset": "ebpf.network", "action": "drop"}, "network": {"transport": "tcp"}, "host": {"hostname": "semanticos-node", "os": {"platform": "linux", "family": "alpine"}}}
{"@timestamp": "2026-05-29T18:05:12.049557597Z", "event": {"kind": "event", "category": "network", "type": "denied", "dataset": "ebpf.network", "action": "drop"}, "network": {"transport": "tcp"}, "host": {"hostname": "semanticos-node", "os": {"platform": "linux", "family": "alpine"}}}
{"@timestamp": "2026-05-29T18:05:14.048937417Z", "event": {"kind": "event", "category": "network", "type": "denied", "dataset": "ebpf.network", "action": "drop"}, "network": {"transport": "tcp"}, "host": {"hostname": "semanticos-node", "os": {"platform": "linux", "family": "alpine"}}}
{"@timestamp": "2026-05-29T18:05:16.048569793Z", "event": {"kind": "event", "category": "network", "type": "denied", "dataset": "ebpf.network", "action": "drop"}, "network": {"transport": "tcp"}, "host": {"hostname": "semanticos-node", "os": {"platform": "linux", "family": "alpine"}}}
{"@timestamp": "2026-05-29T18:05:18.049968627Z", "event": {"kind": "event", "category": "network", "type": "denied", "dataset": "ebpf.network", "action": "drop"}, "network": {"transport": "tcp"}, "host": {"hostname": "semanticos-node", "os": {"platform": "linux", "family": "alpine"}}}
{"@timestamp": "2026-05-29T18:05:20.047886045Z", "event": {"kind": "event", "category": "network", "type": "denied", "dataset": "ebpf.network", "action": "drop"}, "network": {"transport": "tcp"}, "host": {"hostname": "semanticos-node", "os": {"platform": "linux", "family": "alpine"}}}
{"@timestamp": "2026-05-29T18:05:22.050507129Z", "event": {"kind": "event", "category": "network", "type": "denied", "dataset": "ebpf.network", "action": "drop"}, "network": {"transport": "tcp"}, "host": {"hostname": "semanticos-node", "os": {"platform": "linux", "family": "alpine"}}}
{"@timestamp": "2026-05-29T18:05:24.048372255Z", "event": {"kind": "event", "category": "network", "type": "denied", "dataset": "ebpf.network", "action": "drop"}, "network": {"transport": "tcp"}, "host": {"hostname": "semanticos-node", "os": {"platform": "linux", "family": "alpine"}}}
{"@timestamp": "2026-05-29T18:05:26.047015756Z", "event": {"kind": "event", "category": "network", "type": "denied", "dataset": "ebpf.network", "action": "drop"}, "network": {"transport": "tcp"}, "host": {"hostname": "semanticos-node", "os": {"platform": "linux", "family": "alpine"}}}
{"@timestamp": "2026-05-29T18:05:28.049110965Z", "event": {"kind": "event", "category": "network", "type": "denied", "dataset": "ebpf.network", "action": "drop"}, "network": {"transport": "tcp"}, "host": {"hostname": "semanticos-node", "os": {"platform": "linux", "family": "alpine"}}}
{"@timestamp": "2026-05-29T18:05:30.0495873Z", "event": {"kind": "event", "category": "network", "type": "denied", "dataset": "ebpf.network", "action": "drop"}, "network": {"transport": "tcp"}, "host": {"hostname": "semanticos-node", "os": {"platform": "linux", "family": "alpine"}}}
{"@timestamp": "2026-05-29T18:05:32.049686342Z", "event": {"kind": "event", "category": "network", "type": "denied", "dataset": "ebpf.network", "action": "drop"}, "network": {"transport": "tcp"}, "host": {"hostname": "semanticos-node", "os": {"platform": "linux", "family": "alpine"}}}
{"@timestamp": "2026-05-29T18:05:34.050030135Z", "event": {"kind": "event", "category": "network", "type": "denied", "dataset": "ebpf.network", "action": "drop"}, "network": {"transport": "tcp"}, "host": {"hostname": "semanticos-node", "os": {"platform": "linux", "family": "alpine"}}}
{"@timestamp": "2026-05-29T18:05:36.048448844Z", "event": {"kind": "event", "category": "network", "type": "denied", "dataset": "ebpf.network", "action": "drop"}, "network": {"transport": "tcp"}, "host": {"hostname": "semanticos-node", "os": {"platform": "linux", "family": "alpine"}}}
{"@timestamp": "2026-05-29T18:05:38.04999097Z", "event": {"kind": "event", "category": "network", "type": "denied", "dataset": "ebpf.network", "action": "drop"}, "network": {"transport": "tcp"}, "host": {"hostname": "semanticos-node", "os": {"platform": "linux", "family": "alpine"}}}
{"@timestamp": "2026-05-29T18:05:40.049308304Z", "event": {"kind": "event", "category": "network", "type": "denied", "dataset": "ebpf.network", "action": "drop"}, "network": {"transport": "tcp"}, "host": {"hostname": "semanticos-node", "os": {"platform": "linux", "family": "alpine"}}}
{"@timestamp": "2026-05-29T18:05:42.048843889Z", "event": {"kind": "event", "category": "network", "type": "denied", "dataset": "ebpf.network", "action": "drop"}, "network": {"transport": "tcp"}, "host": {"hostname": "semanticos-node", "os": {"platform": "linux", "family": "alpine"}}}
{"@timestamp": "2026-05-29T18:05:44.05000225Z", "event": {"kind": "event", "category": "network", "type": "denied", "dataset": "ebpf.network", "action": "drop"}, "network": {"transport": "tcp"}, "host": {"hostname": "semanticos-node", "os": {"platform": "linux", "family": "alpine"}}}
{"@timestamp": "2026-05-29T18:05:46.047754085Z", "event": {"kind": "event", "category": "network", "type": "denied", "dataset": "ebpf.network", "action": "drop"}, "network": {"transport": "tcp"}, "host": {"hostname": "semanticos-node", "os": {"platform": "linux", "family": "alpine"}}}
{"@timestamp": "2026-05-29T18:05:48.048293002Z", "event": {"kind": "event", "category": "network", "type": "denied", "dataset": "ebpf.network", "action": "drop"}, "network": {"transport": "tcp"}, "host": {"hostname": "semanticos-node", "os": {"platform": "linux", "family": "alpine"}}}
{"@timestamp": "2026-05-29T18:05:50.04927292Z", "event": {"kind": "event", "category": "network", "type": "denied", "dataset": "ebpf.network", "action": "drop"}, "network": {"transport": "tcp"}, "host": {"hostname": "semanticos-node", "os": {"platform": "linux", "family": "alpine"}}}
{"@timestamp": "2026-05-29T18:05:52.050260671Z", "event": {"kind": "event", "category": "network", "type": "denied", "dataset": "ebpf.network", "action": "drop"}, "network": {"transport": "tcp"}, "host": {"hostname": "semanticos-node", "os": {"platform": "linux", "family": "alpine"}}}
{"@timestamp": "2026-05-29T18:05:54.049370797Z", "event": {"kind": "event", "category": "network", "type": "denied", "dataset": "ebpf.network", "action": "drop"}, "network": {"transport": "tcp"}, "host": {"hostname": "semanticos-node", "os": {"platform": "linux", "family": "alpine"}}}
{"@timestamp": "2026-05-29T18:05:56.048951589Z", "event": {"kind": "event", "category": "network", "type": "denied", "dataset": "ebpf.network", "action": "drop"}, "network": {"transport": "tcp"}, "host": {"hostname": "semanticos-node", "os": {"platform": "linux", "family": "alpine"}}}
{"@timestamp": "2026-05-29T18:05:58.04849684Z", "event": {"kind": "event", "category": "network", "type": "denied", "dataset": "ebpf.network", "action": "drop"}, "network": {"transport": "tcp"}, "host": {"hostname": "semanticos-node", "os": {"platform": "linux", "family": "alpine"}}}
{"@timestamp": "2026-05-29T18:06:00.047290258Z", "event": {"kind": "event", "category": "network", "type": "denied", "dataset": "ebpf.network", "action": "drop"}, "network": {"transport": "tcp"}, "host": {"hostname": "semanticos-node", "os": {"platform": "linux", "family": "alpine"}}}
{"@timestamp": "2026-05-29T18:06:02.051197009Z", "event": {"kind": "event", "category": "network", "type": "denied", "dataset": "ebpf.network", "action": "drop"}, "network": {"transport": "tcp"}, "host": {"hostname": "semanticos-node", "os": {"platform": "linux", "family": "alpine"}}}
{"@timestamp": "2026-05-29T18:06:04.050126968Z", "event": {"kind": "event", "category": "network", "type": "denied", "dataset": "ebpf.network", "action": "drop"}, "network": {"transport": "tcp"}, "host": {"hostname": "semanticos-node", "os": {"platform": "linux", "family": "alpine"}}}
{"@timestamp": "2026-05-29T18:06:06.048620511Z", "event": {"kind": "event", "category": "network", "type": "denied", "dataset": "ebpf.network", "action": "drop"}, "network": {"transport": "tcp"}, "host": {"hostname": "semanticos-node", "os": {"platform": "linux", "family": "alpine"}}}
{"@timestamp": "2026-05-29T18:06:08.048050137Z", "event": {"kind": "event", "category": "network", "type": "denied", "dataset": "ebpf.network", "action": "drop"}, "network": {"transport": "tcp"}, "host": {"hostname": "semanticos-node", "os": {"platform": "linux", "family": "alpine"}}}
{"@timestamp": "2026-05-29T18:06:10.050070846Z", "event": {"kind": "event", "category": "network", "type": "denied", "dataset": "ebpf.network", "action": "drop"}, "network": {"transport": "tcp"}, "host": {"hostname": "semanticos-node", "os": {"platform": "linux", "family": "alpine"}}}
{"@timestamp": "2026-05-29T18:06:12.050934847Z", "event": {"kind": "event", "category": "network", "type": "denied", "dataset": "ebpf.network", "action": "drop"}, "network": {"transport": "tcp"}, "host": {"hostname": "semanticos-node", "os": {"platform": "linux", "family": "alpine"}}}
{"@timestamp": "2026-05-29T18:06:14.051775334Z", "event": {"kind": "event", "category": "network", "type": "denied", "dataset": "ebpf.network", "action": "drop"}, "network": {"transport": "tcp"}, "host": {"hostname": "semanticos-node", "os": {"platform": "linux", "family": "alpine"}}}
{"@timestamp": "2026-05-29T18:06:16.05054471Z", "event": {"kind": "event", "category": "network", "type": "denied", "dataset": "ebpf.network", "action": "drop"}, "network": {"transport": "tcp"}, "host": {"hostname": "semanticos-node", "os": {"platform": "linux", "family": "alpine"}}}
{"@timestamp": "2026-05-29T18:06:18.050945044Z", "event": {"kind": "event", "category": "network", "type": "denied", "dataset": "ebpf.network", "action": "drop"}, "network": {"transport": "tcp"}, "host": {"hostname": "semanticos-node", "os": {"platform": "linux", "family": "alpine"}}}
{"@timestamp": "2026-05-29T18:06:20.048496545Z", "event": {"kind": "event", "category": "network", "type": "denied", "dataset": "ebpf.network", "action": "drop"}, "network": {"transport": "tcp"}, "host": {"hostname": "semanticos-node", "os": {"platform": "linux", "family": "alpine"}}}
{"@timestamp": "2026-05-29T18:06:22.050789087Z", "event": {"kind": "event", "category": "network", "type": "denied", "dataset": "ebpf.network", "action": "drop"}, "network": {"transport": "tcp"}, "host": {"hostname": "semanticos-node", "os": {"platform": "linux", "family": "alpine"}}}
{"@timestamp": "2026-05-29T18:06:24.050343005Z", "event": {"kind": "event", "category": "network", "type": "denied", "dataset": "ebpf.network", "action": "drop"}, "network": {"transport": "tcp"}, "host": {"hostname": "semanticos-node", "os": {"platform": "linux", "family": "alpine"}}}
{"@timestamp": "2026-05-29T18:06:26.051039548Z", "event": {"kind": "event", "category": "network", "type": "denied", "dataset": "ebpf.network", "action": "drop"}, "network": {"transport": "tcp"}, "host": {"hostname": "semanticos-node", "os": {"platform": "linux", "family": "alpine"}}}
{"@timestamp": "2026-05-29T18:06:28.04851184Z", "event": {"kind": "event", "category": "network", "type": "denied", "dataset": "ebpf.network", "action": "drop"}, "network": {"transport": "tcp"}, "host": {"hostname": "semanticos-node", "os": {"platform": "linux", "family": "alpine"}}}
{"@timestamp": "2026-05-29T18:06:30.051160133Z", "event": {"kind": "event", "category": "network", "type": "denied", "dataset": "ebpf.network", "action": "drop"}, "network": {"transport": "tcp"}, "host": {"hostname": "semanticos-node", "os": {"platform": "linux", "family": "alpine"}}}
{"@timestamp": "2026-05-29T18:06:32.051845592Z", "event": {"kind": "event", "category": "network", "type": "denied", "dataset": "ebpf.network", "action": "drop"}, "network": {"transport": "tcp"}, "host": {"hostname": "semanticos-node", "os": {"platform": "linux", "family": "alpine"}}}
{"@timestamp": "2026-05-29T18:06:34.051517885Z", "event": {"kind": "event", "category": "network", "type": "denied", "dataset": "ebpf.network", "action": "drop"}, "network": {"transport": "tcp"}, "host": {"hostname": "semanticos-node", "os": {"platform": "linux", "family": "alpine"}}}
{"@timestamp": "2026-05-29T18:06:36.051616302Z", "event": {"kind": "event", "category": "network", "type": "denied", "dataset": "ebpf.network", "action": "drop"}, "network": {"transport": "tcp"}, "host": {"hostname": "semanticos-node", "os": {"platform": "linux", "family": "alpine"}}}
{"@timestamp": "2026-05-29T18:06:38.051023678Z", "event": {"kind": "event", "category": "network", "type": "denied", "dataset": "ebpf.network", "action": "drop"}, "network": {"transport": "tcp"}, "host": {"hostname": "semanticos-node", "os": {"platform": "linux", "family": "alpine"}}}
{"@timestamp": "2026-05-29T18:06:40.051119846Z", "event": {"kind": "event", "category": "network", "type": "denied", "dataset": "ebpf.network", "action": "drop"}, "network": {"transport": "tcp"}, "host": {"hostname": "semanticos-node", "os": {"platform": "linux", "family": "alpine"}}}
{"@timestamp": "2026-05-29T18:06:42.050267389Z", "event": {"kind": "event", "category": "network", "type": "denied", "dataset": "ebpf.network", "action": "drop"}, "network": {"transport": "tcp"}, "host": {"hostname": "semanticos-node", "os": {"platform": "linux", "family": "alpine"}}}
{"@timestamp": "2026-05-29T18:06:44.05031275Z", "event": {"kind": "event", "category": "network", "type": "denied", "dataset": "ebpf.network", "action": "drop"}, "network": {"transport": "tcp"}, "host": {"hostname": "semanticos-node", "os": {"platform": "linux", "family": "alpine"}}}
{"@timestamp": "2026-05-29T18:06:46.048782501Z", "event": {"kind": "event", "category": "network", "type": "denied", "dataset": "ebpf.network", "action": "drop"}, "network": {"transport": "tcp"}, "host": {"hostname": "semanticos-node", "os": {"platform": "linux", "family": "alpine"}}}
{"@timestamp": "2026-05-29T18:06:48.050974461Z", "event": {"kind": "event", "category": "network", "type": "denied", "dataset": "ebpf.network", "action": "drop"}, "network": {"transport": "tcp"}, "host": {"hostname": "semanticos-node", "os": {"platform": "linux", "family": "alpine"}}}
{"@timestamp": "2026-05-29T18:06:50.050955337Z", "event": {"kind": "event", "category": "network", "type": "denied", "dataset": "ebpf.network", "action": "drop"}, "network": {"transport": "tcp"}, "host": {"hostname": "semanticos-node", "os": {"platform": "linux", "family": "alpine"}}}
{"@timestamp": "2026-05-29T18:06:52.049929337Z", "event": {"kind": "event", "category": "network", "type": "denied", "dataset": "ebpf.network", "action": "drop"}, "network": {"transport": "tcp"}, "host": {"hostname": "semanticos-node", "os": {"platform": "linux", "family": "alpine"}}}
{"@timestamp": "2026-05-29T18:06:54.048946922Z", "event": {"kind": "event", "category": "network", "type": "denied", "dataset": "ebpf.network", "action": "drop"}, "network": {"transport": "tcp"}, "host": {"hostname": "semanticos-node", "os": {"platform": "linux", "family": "alpine"}}}
{"@timestamp": "2026-05-29T18:06:56.049423673Z", "event": {"kind": "event", "category": "network", "type": "denied", "dataset": "ebpf.network", "action": "drop"}, "network": {"transport": "tcp"}, "host": {"hostname": "semanticos-node", "os": {"platform": "linux", "family": "alpine"}}}
{"@timestamp": "2026-05-29T18:06:58.051068174Z", "event": {"kind": "event", "category": "network", "type": "denied", "dataset": "ebpf.network", "action": "drop"}, "network": {"transport": "tcp"}, "host": {"hostname": "semanticos-node", "os": {"platform": "linux", "family": "alpine"}}}
{"@timestamp": "2026-05-29T18:07:00.049791716Z", "event": {"kind": "event", "category": "network", "type": "denied", "dataset": "ebpf.network", "action": "drop"}, "network": {"transport": "tcp"}, "host": {"hostname": "semanticos-node", "os": {"platform": "linux", "family": "alpine"}}}
{"@timestamp": "2026-05-29T18:07:02.050647592Z", "event": {"kind": "event", "category": "network", "type": "denied", "dataset": "ebpf.network", "action": "drop"}, "network": {"transport": "tcp"}, "host": {"hostname": "semanticos-node", "os": {"platform": "linux", "family": "alpine"}}}
{"@timestamp": "2026-05-29T18:07:04.049295635Z", "event": {"kind": "event", "category": "network", "type": "denied", "dataset": "ebpf.network", "action": "drop"}, "network": {"transport": "tcp"}, "host": {"hostname": "semanticos-node", "os": {"platform": "linux", "family": "alpine"}}}
{"@timestamp": "2026-05-29T18:07:06.048746427Z", "event": {"kind": "event", "category": "network", "type": "denied", "dataset": "ebpf.network", "action": "drop"}, "network": {"transport": "tcp"}, "host": {"hostname": "semanticos-node", "os": {"platform": "linux", "family": "alpine"}}}
{"@timestamp": "2026-05-29T18:07:08.051581595Z", "event": {"kind": "event", "category": "network", "type": "denied", "dataset": "ebpf.network", "action": "drop"}, "network": {"transport": "tcp"}, "host": {"hostname": "semanticos-node", "os": {"platform": "linux", "family": "alpine"}}}
{"@timestamp": "2026-05-29T18:07:10.049726429Z", "event": {"kind": "event", "category": "network", "type": "denied", "dataset": "ebpf.network", "action": "drop"}, "network": {"transport": "tcp"}, "host": {"hostname": "semanticos-node", "os": {"platform": "linux", "family": "alpine"}}}
{"@timestamp": "2026-05-29T18:07:12.050805139Z", "event": {"kind": "event", "category": "network", "type": "denied", "dataset": "ebpf.network", "action": "drop"}, "network": {"transport": "tcp"}, "host": {"hostname": "semanticos-node", "os": {"platform": "linux", "family": "alpine"}}}
{"@timestamp": "2026-05-29T18:07:14.051455084Z", "event": {"kind": "event", "category": "network", "type": "denied", "dataset": "ebpf.network", "action": "drop"}, "network": {"transport": "tcp"}, "host": {"hostname": "semanticos-node", "os": {"platform": "linux", "family": "alpine"}}}
{"@timestamp": "2026-05-29T18:07:16.050379876Z", "event": {"kind": "event", "category": "network", "type": "denied", "dataset": "ebpf.network", "action": "drop"}, "network": {"transport": "tcp"}, "host": {"hostname": "semanticos-node", "os": {"platform": "linux", "family": "alpine"}}}
{"@timestamp": "2026-05-29T18:07:18.051138044Z", "event": {"kind": "event", "category": "network", "type": "denied", "dataset": "ebpf.network", "action": "drop"}, "network": {"transport": "tcp"}, "host": {"hostname": "semanticos-node", "os": {"platform": "linux", "family": "alpine"}}}
{"@timestamp": "2026-05-29T18:07:20.049240962Z", "event": {"kind": "event", "category": "network", "type": "denied", "dataset": "ebpf.network", "action": "drop"}, "network": {"transport": "tcp"}, "host": {"hostname": "semanticos-node", "os": {"platform": "linux", "family": "alpine"}}}
{"@timestamp": "2026-05-29T18:07:22.049997587Z", "event": {"kind": "event", "category": "network", "type": "denied", "dataset": "ebpf.network", "action": "drop"}, "network": {"transport": "tcp"}, "host": {"hostname": "semanticos-node", "os": {"platform": "linux", "family": "alpine"}}}
{"@timestamp": "2026-05-29T18:07:24.049944922Z", "event": {"kind": "event", "category": "network", "type": "denied", "dataset": "ebpf.network", "action": "drop"}, "network": {"transport": "tcp"}, "host": {"hostname": "semanticos-node", "os": {"platform": "linux", "family": "alpine"}}}
{"@timestamp": "2026-05-29T18:07:26.048804048Z", "event": {"kind": "event", "category": "network", "type": "denied", "dataset": "ebpf.network", "action": "drop"}, "network": {"transport": "tcp"}, "host": {"hostname": "semanticos-node", "os": {"platform": "linux", "family": "alpine"}}}
{"@timestamp": "2026-05-29T18:07:28.051567965Z", "event": {"kind": "event", "category": "network", "type": "denied", "dataset": "ebpf.network", "action": "drop"}, "network": {"transport": "tcp"}, "host": {"hostname": "semanticos-node", "os": {"platform": "linux", "family": "alpine"}}}
{"@timestamp": "2026-05-29T18:07:30.050485758Z", "event": {"kind": "event", "category": "network", "type": "denied", "dataset": "ebpf.network", "action": "drop"}, "network": {"transport": "tcp"}, "host": {"hostname": "semanticos-node", "os": {"platform": "linux", "family": "alpine"}}}
{"@timestamp": "2026-05-29T18:07:32.050690426Z", "event": {"kind": "event", "category": "network", "type": "denied", "dataset": "ebpf.network", "action": "drop"}, "network": {"transport": "tcp"}, "host": {"hostname": "semanticos-node", "os": {"platform": "linux", "family": "alpine"}}}
{"@timestamp": "2026-05-29T18:07:34.04926226Z", "event": {"kind": "event", "category": "network", "type": "denied", "dataset": "ebpf.network", "action": "drop"}, "network": {"transport": "tcp"}, "host": {"hostname": "semanticos-node", "os": {"platform": "linux", "family": "alpine"}}}
{"@timestamp": "2026-05-29T18:07:36.049773677Z", "event": {"kind": "event", "category": "network", "type": "denied", "dataset": "ebpf.network", "action": "drop"}, "network": {"transport": "tcp"}, "host": {"hostname": "semanticos-node", "os": {"platform": "linux", "family": "alpine"}}}
{"@timestamp": "2026-05-29T18:07:38.051087845Z", "event": {"kind": "event", "category": "network", "type": "denied", "dataset": "ebpf.network", "action": "drop"}, "network": {"transport": "tcp"}, "host": {"hostname": "semanticos-node", "os": {"platform": "linux", "family": "alpine"}}}
{"@timestamp": "2026-05-29T18:07:40.051103929Z", "event": {"kind": "event", "category": "network", "type": "denied", "dataset": "ebpf.network", "action": "drop"}, "network": {"transport": "tcp"}, "host": {"hostname": "semanticos-node", "os": {"platform": "linux", "family": "alpine"}}}
{"@timestamp": "2026-05-29T18:07:42.052081722Z", "event": {"kind": "event", "category": "network", "type": "denied", "dataset": "ebpf.network", "action": "drop"}, "network": {"transport": "tcp"}, "host": {"hostname": "semanticos-node", "os": {"platform": "linux", "family": "alpine"}}}
{"@timestamp": "2026-05-29T18:07:44.050539167Z", "event": {"kind": "event", "category": "network", "type": "denied", "dataset": "ebpf.network", "action": "drop"}, "network": {"transport": "tcp"}, "host": {"hostname": "semanticos-node", "os": {"platform": "linux", "family": "alpine"}}}
{"@timestamp": "2026-05-29T18:07:46.049768418Z", "event": {"kind": "event", "category": "network", "type": "denied", "dataset": "ebpf.network", "action": "drop"}, "network": {"transport": "tcp"}, "host": {"hostname": "semanticos-node", "os": {"platform": "linux", "family": "alpine"}}}
{"@timestamp": "2026-05-29T18:07:48.051523544Z", "event": {"kind": "event", "category": "network", "type": "denied", "dataset": "ebpf.network", "action": "drop"}, "network": {"transport": "tcp"}, "host": {"hostname": "semanticos-node", "os": {"platform": "linux", "family": "alpine"}}}
{"@timestamp": "2026-05-29T18:07:50.050834545Z", "event": {"kind": "event", "category": "network", "type": "denied", "dataset": "ebpf.network", "action": "drop"}, "network": {"transport": "tcp"}, "host": {"hostname": "semanticos-node", "os": {"platform": "linux", "family": "alpine"}}}
{"@timestamp": "2026-05-29T18:07:52.050278962Z", "event": {"kind": "event", "category": "network", "type": "denied", "dataset": "ebpf.network", "action": "drop"}, "network": {"transport": "tcp"}, "host": {"hostname": "semanticos-node", "os": {"platform": "linux", "family": "alpine"}}}
{"@timestamp": "2026-05-29T18:07:54.05136838Z", "event": {"kind": "event", "category": "network", "type": "denied", "dataset": "ebpf.network", "action": "drop"}, "network": {"transport": "tcp"}, "host": {"hostname": "semanticos-node", "os": {"platform": "linux", "family": "alpine"}}}
{"@timestamp": "2026-05-29T18:07:56.049467006Z", "event": {"kind": "event", "category": "network", "type": "denied", "dataset": "ebpf.network", "action": "drop"}, "network": {"transport": "tcp"}, "host": {"hostname": "semanticos-node", "os": {"platform": "linux", "family": "alpine"}}}
{"@timestamp": "2026-05-29T18:07:58.051518674Z", "event": {"kind": "event", "category": "network", "type": "denied", "dataset": "ebpf.network", "action": "drop"}, "network": {"transport": "tcp"}, "host": {"hostname": "semanticos-node", "os": {"platform": "linux", "family": "alpine"}}}
{"@timestamp": "2026-05-29T18:08:00.050813883Z", "event": {"kind": "event", "category": "network", "type": "denied", "dataset": "ebpf.network", "action": "drop"}, "network": {"transport": "tcp"}, "host": {"hostname": "semanticos-node", "os": {"platform": "linux", "family": "alpine"}}}
{"@timestamp": "2026-05-29T18:08:02.050613676Z", "event": {"kind": "event", "category": "network", "type": "denied", "dataset": "ebpf.network", "action": "drop"}, "network": {"transport": "tcp"}, "host": {"hostname": "semanticos-node", "os": {"platform": "linux", "family": "alpine"}}}
{"@timestamp": "2026-05-29T18:08:04.050034093Z", "event": {"kind": "event", "category": "network", "type": "denied", "dataset": "ebpf.network", "action": "drop"}, "network": {"transport": "tcp"}, "host": {"hostname": "semanticos-node", "os": {"platform": "linux", "family": "alpine"}}}
{"@timestamp": "2026-05-29T18:08:06.049755302Z", "event": {"kind": "event", "category": "network", "type": "denied", "dataset": "ebpf.network", "action": "drop"}, "network": {"transport": "tcp"}, "host": {"hostname": "semanticos-node", "os": {"platform": "linux", "family": "alpine"}}}
{"@timestamp": "2026-05-29T18:08:08.050747137Z", "event": {"kind": "event", "category": "network", "type": "denied", "dataset": "ebpf.network", "action": "drop"}, "network": {"transport": "tcp"}, "host": {"hostname": "semanticos-node", "os": {"platform": "linux", "family": "alpine"}}}
{"@timestamp": "2026-05-29T18:08:10.051343054Z", "event": {"kind": "event", "category": "network", "type": "denied", "dataset": "ebpf.network", "action": "drop"}, "network": {"transport": "tcp"}, "host": {"hostname": "semanticos-node", "os": {"platform": "linux", "family": "alpine"}}}
{"@timestamp": "2026-05-29T18:08:12.049354889Z", "event": {"kind": "event", "category": "network", "type": "denied", "dataset": "ebpf.network", "action": "drop"}, "network": {"transport": "tcp"}, "host": {"hostname": "semanticos-node", "os": {"platform": "linux", "family": "alpine"}}}
{"@timestamp": "2026-05-29T18:08:14.051586875Z", "event": {"kind": "event", "category": "network", "type": "denied", "dataset": "ebpf.network", "action": "drop"}, "network": {"transport": "tcp"}, "host": {"hostname": "semanticos-node", "os": {"platform": "linux", "family": "alpine"}}}
{"@timestamp": "2026-05-29T18:08:16.050153585Z", "event": {"kind": "event", "category": "network", "type": "denied", "dataset": "ebpf.network", "action": "drop"}, "network": {"transport": "tcp"}, "host": {"hostname": "semanticos-node", "os": {"platform": "linux", "family": "alpine"}}}
{"@timestamp": "2026-05-29T18:08:18.050914586Z", "event": {"kind": "event", "category": "network", "type": "denied", "dataset": "ebpf.network", "action": "drop"}, "network": {"transport": "tcp"}, "host": {"hostname": "semanticos-node", "os": {"platform": "linux", "family": "alpine"}}}
{"@timestamp": "2026-05-29T18:08:20.048626545Z", "event": {"kind": "event", "category": "network", "type": "denied", "dataset": "ebpf.network", "action": "drop"}, "network": {"transport": "tcp"}, "host": {"hostname": "semanticos-node", "os": {"platform": "linux", "family": "alpine"}}}
{"@timestamp": "2026-05-29T18:08:22.051197129Z", "event": {"kind": "event", "category": "network", "type": "denied", "dataset": "ebpf.network", "action": "drop"}, "network": {"transport": "tcp"}, "host": {"hostname": "semanticos-node", "os": {"platform": "linux", "family": "alpine"}}}
{"@timestamp": "2026-05-29T18:08:24.05255513Z", "event": {"kind": "event", "category": "network", "type": "denied", "dataset": "ebpf.network", "action": "drop"}, "network": {"transport": "tcp"}, "host": {"hostname": "semanticos-node", "os": {"platform": "linux", "family": "alpine"}}}
{"@timestamp": "2026-05-29T18:08:26.050501298Z", "event": {"kind": "event", "category": "network", "type": "denied", "dataset": "ebpf.network", "action": "drop"}, "network": {"transport": "tcp"}, "host": {"hostname": "semanticos-node", "os": {"platform": "linux", "family": "alpine"}}}
{"@timestamp": "2026-05-29T18:08:28.050519674Z", "event": {"kind": "event", "category": "network", "type": "denied", "dataset": "ebpf.network", "action": "drop"}, "network": {"transport": "tcp"}, "host": {"hostname": "semanticos-node", "os": {"platform": "linux", "family": "alpine"}}}
{"@timestamp": "2026-05-29T18:08:30.051168175Z", "event": {"kind": "event", "category": "network", "type": "denied", "dataset": "ebpf.network", "action": "drop"}, "network": {"transport": "tcp"}, "host": {"hostname": "semanticos-node", "os": {"platform": "linux", "family": "alpine"}}}
{"@timestamp": "2026-05-29T18:08:32.051108551Z", "event": {"kind": "event", "category": "network", "type": "denied", "dataset": "ebpf.network", "action": "drop"}, "network": {"transport": "tcp"}, "host": {"hostname": "semanticos-node", "os": {"platform": "linux", "family": "alpine"}}}
{"@timestamp": "2026-05-29T18:08:34.050917093Z", "event": {"kind": "event", "category": "network", "type": "denied", "dataset": "ebpf.network", "action": "drop"}, "network": {"transport": "tcp"}, "host": {"hostname": "semanticos-node", "os": {"platform": "linux", "family": "alpine"}}}
{"@timestamp": "2026-05-29T18:08:36.048933136Z", "event": {"kind": "event", "category": "network", "type": "denied", "dataset": "ebpf.network", "action": "drop"}, "network": {"transport": "tcp"}, "host": {"hostname": "semanticos-node", "os": {"platform": "linux", "family": "alpine"}}}
{"@timestamp": "2026-05-29T18:08:38.050903262Z", "event": {"kind": "event", "category": "network", "type": "denied", "dataset": "ebpf.network", "action": "drop"}, "network": {"transport": "tcp"}, "host": {"hostname": "semanticos-node", "os": {"platform": "linux", "family": "alpine"}}}
{"@timestamp": "2026-05-29T18:08:40.051733346Z", "event": {"kind": "event", "category": "network", "type": "denied", "dataset": "ebpf.network", "action": "drop"}, "network": {"transport": "tcp"}, "host": {"hostname": "semanticos-node", "os": {"platform": "linux", "family": "alpine"}}}
{"@timestamp": "2026-05-29T18:08:42.051924264Z", "event": {"kind": "event", "category": "network", "type": "denied", "dataset": "ebpf.network", "action": "drop"}, "network": {"transport": "tcp"}, "host": {"hostname": "semanticos-node", "os": {"platform": "linux", "family": "alpine"}}}
{"@timestamp": "2026-05-29T18:08:44.050579584Z", "event": {"kind": "event", "category": "network", "type": "denied", "dataset": "ebpf.network", "action": "drop"}, "network": {"transport": "tcp"}, "host": {"hostname": "semanticos-node", "os": {"platform": "linux", "family": "alpine"}}}
{"@timestamp": "2026-05-29T18:08:46.05029421Z", "event": {"kind": "event", "category": "network", "type": "denied", "dataset": "ebpf.network", "action": "drop"}, "network": {"transport": "tcp"}, "host": {"hostname": "semanticos-node", "os": {"platform": "linux", "family": "alpine"}}}
{"@timestamp": "2026-05-29T18:08:48.050506836Z", "event": {"kind": "event", "category": "network", "type": "denied", "dataset": "ebpf.network", "action": "drop"}, "network": {"transport": "tcp"}, "host": {"hostname": "semanticos-node", "os": {"platform": "linux", "family": "alpine"}}}
{"@timestamp": "2026-05-29T18:08:50.05075767Z", "event": {"kind": "event", "category": "network", "type": "denied", "dataset": "ebpf.network", "action": "drop"}, "network": {"transport": "tcp"}, "host": {"hostname": "semanticos-node", "os": {"platform": "linux", "family": "alpine"}}}
{"@timestamp": "2026-05-29T18:08:52.050213504Z", "event": {"kind": "event", "category": "network", "type": "denied", "dataset": "ebpf.network", "action": "drop"}, "network": {"transport": "tcp"}, "host": {"hostname": "semanticos-node", "os": {"platform": "linux", "family": "alpine"}}}
{"@timestamp": "2026-05-29T18:08:54.048368672Z", "event": {"kind": "event", "category": "network", "type": "denied", "dataset": "ebpf.network", "action": "drop"}, "network": {"transport": "tcp"}, "host": {"hostname": "semanticos-node", "os": {"platform": "linux", "family": "alpine"}}}
{"@timestamp": "2026-05-29T18:08:56.048015131Z", "event": {"kind": "event", "category": "network", "type": "denied", "dataset": "ebpf.network", "action": "drop"}, "network": {"transport": "tcp"}, "host": {"hostname": "semanticos-node", "os": {"platform": "linux", "family": "alpine"}}}
{"@timestamp": "2026-05-29T18:08:58.051684965Z", "event": {"kind": "event", "category": "network", "type": "denied", "dataset": "ebpf.network", "action": "drop"}, "network": {"transport": "tcp"}, "host": {"hostname": "semanticos-node", "os": {"platform": "linux", "family": "alpine"}}}
{"@timestamp": "2026-05-29T18:09:00.048136008Z", "event": {"kind": "event", "category": "network", "type": "denied", "dataset": "ebpf.network", "action": "drop"}, "network": {"transport": "tcp"}, "host": {"hostname": "semanticos-node", "os": {"platform": "linux", "family": "alpine"}}}
{"@timestamp": "2026-05-29T18:09:02.049277509Z", "event": {"kind": "event", "category": "network", "type": "denied", "dataset": "ebpf.network", "action": "drop"}, "network": {"transport": "tcp"}, "host": {"hostname": "semanticos-node", "os": {"platform": "linux", "family": "alpine"}}}
{"@timestamp": "2026-05-29T18:09:04.049829468Z", "event": {"kind": "event", "category": "network", "type": "denied", "dataset": "ebpf.network", "action": "drop"}, "network": {"transport": "tcp"}, "host": {"hostname": "semanticos-node", "os": {"platform": "linux", "family": "alpine"}}}
{"@timestamp": "2026-05-29T18:09:06.050417886Z", "event": {"kind": "event", "category": "network", "type": "denied", "dataset": "ebpf.network", "action": "drop"}, "network": {"transport": "tcp"}, "host": {"hostname": "semanticos-node", "os": {"platform": "linux", "family": "alpine"}}}
{"@timestamp": "2026-05-29T18:09:08.049530137Z", "event": {"kind": "event", "category": "network", "type": "denied", "dataset": "ebpf.network", "action": "drop"}, "network": {"transport": "tcp"}, "host": {"hostname": "semanticos-node", "os": {"platform": "linux", "family": "alpine"}}}
{"@timestamp": "2026-05-29T18:09:10.050784138Z", "event": {"kind": "event", "category": "network", "type": "denied", "dataset": "ebpf.network", "action": "drop"}, "network": {"transport": "tcp"}, "host": {"hostname": "semanticos-node", "os": {"platform": "linux", "family": "alpine"}}}
{"@timestamp": "2026-05-29T18:09:12.053834222Z", "event": {"kind": "event", "category": "network", "type": "denied", "dataset": "ebpf.network", "action": "drop"}, "network": {"transport": "tcp"}, "host": {"hostname": "semanticos-node", "os": {"platform": "linux", "family": "alpine"}}}
{"@timestamp": "2026-05-29T18:09:14.052685417Z", "event": {"kind": "event", "category": "network", "type": "denied", "dataset": "ebpf.network", "action": "drop"}, "network": {"transport": "tcp"}, "host": {"hostname": "semanticos-node", "os": {"platform": "linux", "family": "alpine"}}}
{"@timestamp": "2026-05-29T18:09:16.051510501Z", "event": {"kind": "event", "category": "network", "type": "denied", "dataset": "ebpf.network", "action": "drop"}, "network": {"transport": "tcp"}, "host": {"hostname": "semanticos-node", "os": {"platform": "linux", "family": "alpine"}}}
{"@timestamp": "2026-05-29T18:09:18.051560669Z", "event": {"kind": "event", "category": "network", "type": "denied", "dataset": "ebpf.network", "action": "drop"}, "network": {"transport": "tcp"}, "host": {"hostname": "semanticos-node", "os": {"platform": "linux", "family": "alpine"}}}
{"@timestamp": "2026-05-29T18:09:20.050785628Z", "event": {"kind": "event", "category": "network", "type": "denied", "dataset": "ebpf.network", "action": "drop"}, "network": {"transport": "tcp"}, "host": {"hostname": "semanticos-node", "os": {"platform": "linux", "family": "alpine"}}}
{"@timestamp": "2026-05-29T18:09:22.052262712Z", "event": {"kind": "event", "category": "network", "type": "denied", "dataset": "ebpf.network", "action": "drop"}, "network": {"transport": "tcp"}, "host": {"hostname": "semanticos-node", "os": {"platform": "linux", "family": "alpine"}}}
{"@timestamp": "2026-05-29T18:09:24.049846338Z", "event": {"kind": "event", "category": "network", "type": "denied", "dataset": "ebpf.network", "action": "drop"}, "network": {"transport": "tcp"}, "host": {"hostname": "semanticos-node", "os": {"platform": "linux", "family": "alpine"}}}
{"@timestamp": "2026-05-29T18:09:26.050023089Z", "event": {"kind": "event", "category": "network", "type": "denied", "dataset": "ebpf.network", "action": "drop"}, "network": {"transport": "tcp"}, "host": {"hostname": "semanticos-node", "os": {"platform": "linux", "family": "alpine"}}}
{"@timestamp": "2026-05-29T18:09:28.05330484Z", "event": {"kind": "event", "category": "network", "type": "denied", "dataset": "ebpf.network", "action": "drop"}, "network": {"transport": "tcp"}, "host": {"hostname": "semanticos-node", "os": {"platform": "linux", "family": "alpine"}}}
{"@timestamp": "2026-05-29T18:09:30.051614716Z", "event": {"kind": "event", "category": "network", "type": "denied", "dataset": "ebpf.network", "action": "drop"}, "network": {"transport": "tcp"}, "host": {"hostname": "semanticos-node", "os": {"platform": "linux", "family": "alpine"}}}
{"@timestamp": "2026-05-29T18:09:32.050812884Z", "event": {"kind": "event", "category": "network", "type": "denied", "dataset": "ebpf.network", "action": "drop"}, "network": {"transport": "tcp"}, "host": {"hostname": "semanticos-node", "os": {"platform": "linux", "family": "alpine"}}}
{"@timestamp": "2026-05-29T18:09:34.052191635Z", "event": {"kind": "event", "category": "network", "type": "denied", "dataset": "ebpf.network", "action": "drop"}, "network": {"transport": "tcp"}, "host": {"hostname": "semanticos-node", "os": {"platform": "linux", "family": "alpine"}}}
{"@timestamp": "2026-05-29T18:09:36.050759136Z", "event": {"kind": "event", "category": "network", "type": "denied", "dataset": "ebpf.network", "action": "drop"}, "network": {"transport": "tcp"}, "host": {"hostname": "semanticos-node", "os": {"platform": "linux", "family": "alpine"}}}
{"@timestamp": "2026-05-29T18:09:38.05236722Z", "event": {"kind": "event", "category": "network", "type": "denied", "dataset": "ebpf.network", "action": "drop"}, "network": {"transport": "tcp"}, "host": {"hostname": "semanticos-node", "os": {"platform": "linux", "family": "alpine"}}}
{"@timestamp": "2026-05-29T18:09:40.051769721Z", "event": {"kind": "event", "category": "network", "type": "denied", "dataset": "ebpf.network", "action": "drop"}, "network": {"transport": "tcp"}, "host": {"hostname": "semanticos-node", "os": {"platform": "linux", "family": "alpine"}}}
{"@timestamp": "2026-05-29T18:09:42.051191514Z", "event": {"kind": "event", "category": "network", "type": "denied", "dataset": "ebpf.network", "action": "drop"}, "network": {"transport": "tcp"}, "host": {"hostname": "semanticos-node", "os": {"platform": "linux", "family": "alpine"}}}
{"@timestamp": "2026-05-29T18:09:44.050340084Z", "event": {"kind": "event", "category": "network", "type": "denied", "dataset": "ebpf.network", "action": "drop"}, "network": {"transport": "tcp"}, "host": {"hostname": "semanticos-node", "os": {"platform": "linux", "family": "alpine"}}}
{"@timestamp": "2026-05-29T18:09:46.053121376Z", "event": {"kind": "event", "category": "network", "type": "denied", "dataset": "ebpf.network", "action": "drop"}, "network": {"transport": "tcp"}, "host": {"hostname": "semanticos-node", "os": {"platform": "linux", "family": "alpine"}}}
{"@timestamp": "2026-05-29T18:09:48.052164127Z", "event": {"kind": "event", "category": "network", "type": "denied", "dataset": "ebpf.network", "action": "drop"}, "network": {"transport": "tcp"}, "host": {"hostname": "semanticos-node", "os": {"platform": "linux", "family": "alpine"}}}
{"@timestamp": "2026-05-29T18:09:50.051647836Z", "event": {"kind": "event", "category": "network", "type": "denied", "dataset": "ebpf.network", "action": "drop"}, "network": {"transport": "tcp"}, "host": {"hostname": "semanticos-node", "os": {"platform": "linux", "family": "alpine"}}}
{"@timestamp": "2026-05-29T18:09:52.051518712Z", "event": {"kind": "event", "category": "network", "type": "denied", "dataset": "ebpf.network", "action": "drop"}, "network": {"transport": "tcp"}, "host": {"hostname": "semanticos-node", "os": {"platform": "linux", "family": "alpine"}}}
{"@timestamp": "2026-05-29T18:09:54.051079047Z", "event": {"kind": "event", "category": "network", "type": "denied", "dataset": "ebpf.network", "action": "drop"}, "network": {"transport": "tcp"}, "host": {"hostname": "semanticos-node", "os": {"platform": "linux", "family": "alpine"}}}
{"@timestamp": "2026-05-29T18:09:56.052122881Z", "event": {"kind": "event", "category": "network", "type": "denied", "dataset": "ebpf.network", "action": "drop"}, "network": {"transport": "tcp"}, "host": {"hostname": "semanticos-node", "os": {"platform": "linux", "family": "alpine"}}}
{"@timestamp": "2026-05-29T18:09:58.049348882Z", "event": {"kind": "event", "category": "network", "type": "denied", "dataset": "ebpf.network", "action": "drop"}, "network": {"transport": "tcp"}, "host": {"hostname": "semanticos-node", "os": {"platform": "linux", "family": "alpine"}}}
{"@timestamp": "2026-05-29T18:10:00.049813425Z", "event": {"kind": "event", "category": "network", "type": "denied", "dataset": "ebpf.network", "action": "drop"}, "network": {"transport": "tcp"}, "host": {"hostname": "semanticos-node", "os": {"platform": "linux", "family": "alpine"}}}
{"@timestamp": "2026-05-29T18:10:02.052335051Z", "event": {"kind": "event", "category": "network", "type": "denied", "dataset": "ebpf.network", "action": "drop"}, "network": {"transport": "tcp"}, "host": {"hostname": "semanticos-node", "os": {"platform": "linux", "family": "alpine"}}}
{"@timestamp": "2026-05-29T18:10:04.051267885Z", "event": {"kind": "event", "category": "network", "type": "denied", "dataset": "ebpf.network", "action": "drop"}, "network": {"transport": "tcp"}, "host": {"hostname": "semanticos-node", "os": {"platform": "linux", "family": "alpine"}}}
{"@timestamp": "2026-05-29T18:10:06.084250719Z", "event": {"kind": "event", "category": "network", "type": "denied", "dataset": "ebpf.network", "action": "drop"}, "network": {"transport": "tcp"}, "host": {"hostname": "semanticos-node", "os": {"platform": "linux", "family": "alpine"}}}
{"@timestamp": "2026-05-29T18:10:08.05090372Z", "event": {"kind": "event", "category": "network", "type": "denied", "dataset": "ebpf.network", "action": "drop"}, "network": {"transport": "tcp"}, "host": {"hostname": "semanticos-node", "os": {"platform": "linux", "family": "alpine"}}}
{"@timestamp": "2026-05-29T18:10:10.052115971Z", "event": {"kind": "event", "category": "network", "type": "denied", "dataset": "ebpf.network", "action": "drop"}, "network": {"transport": "tcp"}, "host": {"hostname": "semanticos-node", "os": {"platform": "linux", "family": "alpine"}}}
{"@timestamp": "2026-05-29T18:10:12.051913597Z", "event": {"kind": "event", "category": "network", "type": "denied", "dataset": "ebpf.network", "action": "drop"}, "network": {"transport": "tcp"}, "host": {"hostname": "semanticos-node", "os": {"platform": "linux", "family": "alpine"}}}
{"@timestamp": "2026-05-29T18:10:14.052107792Z", "event": {"kind": "event", "category": "network", "type": "denied", "dataset": "ebpf.network", "action": "drop"}, "network": {"transport": "tcp"}, "host": {"hostname": "semanticos-node", "os": {"platform": "linux", "family": "alpine"}}}
{"@timestamp": "2026-05-29T18:10:16.05037996Z", "event": {"kind": "event", "category": "network", "type": "denied", "dataset": "ebpf.network", "action": "drop"}, "network": {"transport": "tcp"}, "host": {"hostname": "semanticos-node", "os": {"platform": "linux", "family": "alpine"}}}
{"@timestamp": "2026-05-29T18:10:18.051714252Z", "event": {"kind": "event", "category": "network", "type": "denied", "dataset": "ebpf.network", "action": "drop"}, "network": {"transport": "tcp"}, "host": {"hostname": "semanticos-node", "os": {"platform": "linux", "family": "alpine"}}}
{"@timestamp": "2026-05-29T18:10:20.051175711Z", "event": {"kind": "event", "category": "network", "type": "denied", "dataset": "ebpf.network", "action": "drop"}, "network": {"transport": "tcp"}, "host": {"hostname": "semanticos-node", "os": {"platform": "linux", "family": "alpine"}}}
{"@timestamp": "2026-05-29T18:10:22.051352212Z", "event": {"kind": "event", "category": "network", "type": "denied", "dataset": "ebpf.network", "action": "drop"}, "network": {"transport": "tcp"}, "host": {"hostname": "semanticos-node", "os": {"platform": "linux", "family": "alpine"}}}
{"@timestamp": "2026-05-29T18:10:24.05059263Z", "event": {"kind": "event", "category": "network", "type": "denied", "dataset": "ebpf.network", "action": "drop"}, "network": {"transport": "tcp"}, "host": {"hostname": "semanticos-node", "os": {"platform": "linux", "family": "alpine"}}}
{"@timestamp": "2026-05-29T18:10:26.049906298Z", "event": {"kind": "event", "category": "network", "type": "denied", "dataset": "ebpf.network", "action": "drop"}, "network": {"transport": "tcp"}, "host": {"hostname": "semanticos-node", "os": {"platform": "linux", "family": "alpine"}}}
{"@timestamp": "2026-05-29T18:10:28.05137909Z", "event": {"kind": "event", "category": "network", "type": "denied", "dataset": "ebpf.network", "action": "drop"}, "network": {"transport": "tcp"}, "host": {"hostname": "semanticos-node", "os": {"platform": "linux", "family": "alpine"}}}
{"@timestamp": "2026-05-29T18:10:30.052564591Z", "event": {"kind": "event", "category": "network", "type": "denied", "dataset": "ebpf.network", "action": "drop"}, "network": {"transport": "tcp"}, "host": {"hostname": "semanticos-node", "os": {"platform": "linux", "family": "alpine"}}}
{"@timestamp": "2026-05-29T18:10:32.050891301Z", "event": {"kind": "event", "category": "network", "type": "denied", "dataset": "ebpf.network", "action": "drop"}, "network": {"transport": "tcp"}, "host": {"hostname": "semanticos-node", "os": {"platform": "linux", "family": "alpine"}}}
{"@timestamp": "2026-05-29T18:10:34.053068218Z", "event": {"kind": "event", "category": "network", "type": "denied", "dataset": "ebpf.network", "action": "drop"}, "network": {"transport": "tcp"}, "host": {"hostname": "semanticos-node", "os": {"platform": "linux", "family": "alpine"}}}
{"@timestamp": "2026-05-29T18:10:36.050795052Z", "event": {"kind": "event", "category": "network", "type": "denied", "dataset": "ebpf.network", "action": "drop"}, "network": {"transport": "tcp"}, "host": {"hostname": "semanticos-node", "os": {"platform": "linux", "family": "alpine"}}}
{"@timestamp": "2026-05-29T18:10:38.051866012Z", "event": {"kind": "event", "category": "network", "type": "denied", "dataset": "ebpf.network", "action": "drop"}, "network": {"transport": "tcp"}, "host": {"hostname": "semanticos-node", "os": {"platform": "linux", "family": "alpine"}}}
{"@timestamp": "2026-05-29T18:10:40.051554346Z", "event": {"kind": "event", "category": "network", "type": "denied", "dataset": "ebpf.network", "action": "drop"}, "network": {"transport": "tcp"}, "host": {"hostname": "semanticos-node", "os": {"platform": "linux", "family": "alpine"}}}
{"@timestamp": "2026-05-29T18:10:42.051779139Z", "event": {"kind": "event", "category": "network", "type": "denied", "dataset": "ebpf.network", "action": "drop"}, "network": {"transport": "tcp"}, "host": {"hostname": "semanticos-node", "os": {"platform": "linux", "family": "alpine"}}}
{"@timestamp": "2026-05-29T18:10:44.053545417Z", "event": {"kind": "event", "category": "network", "type": "denied", "dataset": "ebpf.network", "action": "drop"}, "network": {"transport": "tcp"}, "host": {"hostname": "semanticos-node", "os": {"platform": "linux", "family": "alpine"}}}
{"@timestamp": "2026-05-29T18:10:46.051931751Z", "event": {"kind": "event", "category": "network", "type": "denied", "dataset": "ebpf.network", "action": "drop"}, "network": {"transport": "tcp"}, "host": {"hostname": "semanticos-node", "os": {"platform": "linux", "family": "alpine"}}}
{"@timestamp": "2026-05-29T18:10:48.054167586Z", "event": {"kind": "event", "category": "network", "type": "denied", "dataset": "ebpf.network", "action": "drop"}, "network": {"transport": "tcp"}, "host": {"hostname": "semanticos-node", "os": {"platform": "linux", "family": "alpine"}}}
{"@timestamp": "2026-05-29T18:10:50.05508142Z", "event": {"kind": "event", "category": "network", "type": "denied", "dataset": "ebpf.network", "action": "drop"}, "network": {"transport": "tcp"}, "host": {"hostname": "semanticos-node", "os": {"platform": "linux", "family": "alpine"}}}
{"@timestamp": "2026-05-29T18:10:52.053124337Z", "event": {"kind": "event", "category": "network", "type": "denied", "dataset": "ebpf.network", "action": "drop"}, "network": {"transport": "tcp"}, "host": {"hostname": "semanticos-node", "os": {"platform": "linux", "family": "alpine"}}}
{"@timestamp": "2026-05-29T18:10:54.051551297Z", "event": {"kind": "event", "category": "network", "type": "denied", "dataset": "ebpf.network", "action": "drop"}, "network": {"transport": "tcp"}, "host": {"hostname": "semanticos-node", "os": {"platform": "linux", "family": "alpine"}}}
{"@timestamp": "2026-05-29T18:10:56.052751548Z", "event": {"kind": "event", "category": "network", "type": "denied", "dataset": "ebpf.network", "action": "drop"}, "network": {"transport": "tcp"}, "host": {"hostname": "semanticos-node", "os": {"platform": "linux", "family": "alpine"}}}
{"@timestamp": "2026-05-29T18:10:58.054022549Z", "event": {"kind": "event", "category": "network", "type": "denied", "dataset": "ebpf.network", "action": "drop"}, "network": {"transport": "tcp"}, "host": {"hostname": "semanticos-node", "os": {"platform": "linux", "family": "alpine"}}}
{"@timestamp": "2026-05-29T18:11:00.053016508Z", "event": {"kind": "event", "category": "network", "type": "denied", "dataset": "ebpf.network", "action": "drop"}, "network": {"transport": "tcp"}, "host": {"hostname": "semanticos-node", "os": {"platform": "linux", "family": "alpine"}}}
{"@timestamp": "2026-05-29T18:11:02.050968467Z", "event": {"kind": "event", "category": "network", "type": "denied", "dataset": "ebpf.network", "action": "drop"}, "network": {"transport": "tcp"}, "host": {"hostname": "semanticos-node", "os": {"platform": "linux", "family": "alpine"}}}
{"@timestamp": "2026-05-29T18:11:04.057495218Z", "event": {"kind": "event", "category": "network", "type": "denied", "dataset": "ebpf.network", "action": "drop"}, "network": {"transport": "tcp"}, "host": {"hostname": "semanticos-node", "os": {"platform": "linux", "family": "alpine"}}}
{"@timestamp": "2026-05-29T18:11:06.051718886Z", "event": {"kind": "event", "category": "network", "type": "denied", "dataset": "ebpf.network", "action": "drop"}, "network": {"transport": "tcp"}, "host": {"hostname": "semanticos-node", "os": {"platform": "linux", "family": "alpine"}}}
{"@timestamp": "2026-05-29T18:11:08.053442678Z", "event": {"kind": "event", "category": "network", "type": "denied", "dataset": "ebpf.network", "action": "drop"}, "network": {"transport": "tcp"}, "host": {"hostname": "semanticos-node", "os": {"platform": "linux", "family": "alpine"}}}
{"@timestamp": "2026-05-29T18:11:10.052362763Z", "event": {"kind": "event", "category": "network", "type": "denied", "dataset": "ebpf.network", "action": "drop"}, "network": {"transport": "tcp"}, "host": {"hostname": "semanticos-node", "os": {"platform": "linux", "family": "alpine"}}}
{"@timestamp": "2026-05-29T18:11:12.052988097Z", "event": {"kind": "event", "category": "network", "type": "denied", "dataset": "ebpf.network", "action": "drop"}, "network": {"transport": "tcp"}, "host": {"hostname": "semanticos-node", "os": {"platform": "linux", "family": "alpine"}}}
{"@timestamp": "2026-05-29T18:11:14.051826584Z", "event": {"kind": "event", "category": "network", "type": "denied", "dataset": "ebpf.network", "action": "drop"}, "network": {"transport": "tcp"}, "host": {"hostname": "semanticos-node", "os": {"platform": "linux", "family": "alpine"}}}
{"@timestamp": "2026-05-29T18:11:16.050104668Z", "event": {"kind": "event", "category": "network", "type": "denied", "dataset": "ebpf.network", "action": "drop"}, "network": {"transport": "tcp"}, "host": {"hostname": "semanticos-node", "os": {"platform": "linux", "family": "alpine"}}}
{"@timestamp": "2026-05-29T18:11:18.052302086Z", "event": {"kind": "event", "category": "network", "type": "denied", "dataset": "ebpf.network", "action": "drop"}, "network": {"transport": "tcp"}, "host": {"hostname": "semanticos-node", "os": {"platform": "linux", "family": "alpine"}}}
{"@timestamp": "2026-05-29T18:11:20.049921753Z", "event": {"kind": "event", "category": "network", "type": "denied", "dataset": "ebpf.network", "action": "drop"}, "network": {"transport": "tcp"}, "host": {"hostname": "semanticos-node", "os": {"platform": "linux", "family": "alpine"}}}
{"@timestamp": "2026-05-29T18:11:22.050985671Z", "event": {"kind": "event", "category": "network", "type": "denied", "dataset": "ebpf.network", "action": "drop"}, "network": {"transport": "tcp"}, "host": {"hostname": "semanticos-node", "os": {"platform": "linux", "family": "alpine"}}}
{"@timestamp": "2026-05-29T18:11:24.052721088Z", "event": {"kind": "event", "category": "network", "type": "denied", "dataset": "ebpf.network", "action": "drop"}, "network": {"transport": "tcp"}, "host": {"hostname": "semanticos-node", "os": {"platform": "linux", "family": "alpine"}}}
{"@timestamp": "2026-05-29T18:11:26.051583839Z", "event": {"kind": "event", "category": "network", "type": "denied", "dataset": "ebpf.network", "action": "drop"}, "network": {"transport": "tcp"}, "host": {"hostname": "semanticos-node", "os": {"platform": "linux", "family": "alpine"}}}
{"@timestamp": "2026-05-29T18:11:28.053867507Z", "event": {"kind": "event", "category": "network", "type": "denied", "dataset": "ebpf.network", "action": "drop"}, "network": {"transport": "tcp"}, "host": {"hostname": "semanticos-node", "os": {"platform": "linux", "family": "alpine"}}}
{"@timestamp": "2026-05-29T18:11:30.050902008Z", "event": {"kind": "event", "category": "network", "type": "denied", "dataset": "ebpf.network", "action": "drop"}, "network": {"transport": "tcp"}, "host": {"hostname": "semanticos-node", "os": {"platform": "linux", "family": "alpine"}}}
{"@timestamp": "2026-05-29T18:11:32.052751092Z", "event": {"kind": "event", "category": "network", "type": "denied", "dataset": "ebpf.network", "action": "drop"}, "network": {"transport": "tcp"}, "host": {"hostname": "semanticos-node", "os": {"platform": "linux", "family": "alpine"}}}
{"@timestamp": "2026-05-29T18:11:34.052230885Z", "event": {"kind": "event", "category": "network", "type": "denied", "dataset": "ebpf.network", "action": "drop"}, "network": {"transport": "tcp"}, "host": {"hostname": "semanticos-node", "os": {"platform": "linux", "family": "alpine"}}}
{"@timestamp": "2026-05-29T18:11:36.050674969Z", "event": {"kind": "event", "category": "network", "type": "denied", "dataset": "ebpf.network", "action": "drop"}, "network": {"transport": "tcp"}, "host": {"hostname": "semanticos-node", "os": {"platform": "linux", "family": "alpine"}}}
{"@timestamp": "2026-05-29T18:11:38.052335553Z", "event": {"kind": "event", "category": "network", "type": "denied", "dataset": "ebpf.network", "action": "drop"}, "network": {"transport": "tcp"}, "host": {"hostname": "semanticos-node", "os": {"platform": "linux", "family": "alpine"}}}
{"@timestamp": "2026-05-29T18:11:40.052255096Z", "event": {"kind": "event", "category": "network", "type": "denied", "dataset": "ebpf.network", "action": "drop"}, "network": {"transport": "tcp"}, "host": {"hostname": "semanticos-node", "os": {"platform": "linux", "family": "alpine"}}}
{"@timestamp": "2026-05-29T18:11:42.049972764Z", "event": {"kind": "event", "category": "network", "type": "denied", "dataset": "ebpf.network", "action": "drop"}, "network": {"transport": "tcp"}, "host": {"hostname": "semanticos-node", "os": {"platform": "linux", "family": "alpine"}}}
{"@timestamp": "2026-05-29T18:11:44.053532167Z", "event": {"kind": "event", "category": "network", "type": "denied", "dataset": "ebpf.network", "action": "drop"}, "network": {"transport": "tcp"}, "host": {"hostname": "semanticos-node", "os": {"platform": "linux", "family": "alpine"}}}
{"@timestamp": "2026-05-29T18:11:46.051776876Z", "event": {"kind": "event", "category": "network", "type": "denied", "dataset": "ebpf.network", "action": "drop"}, "network": {"transport": "tcp"}, "host": {"hostname": "semanticos-node", "os": {"platform": "linux", "family": "alpine"}}}
{"@timestamp": "2026-05-29T18:11:48.053186252Z", "event": {"kind": "event", "category": "network", "type": "denied", "dataset": "ebpf.network", "action": "drop"}, "network": {"transport": "tcp"}, "host": {"hostname": "semanticos-node", "os": {"platform": "linux", "family": "alpine"}}}
{"@timestamp": "2026-05-29T18:11:50.050897086Z", "event": {"kind": "event", "category": "network", "type": "denied", "dataset": "ebpf.network", "action": "drop"}, "network": {"transport": "tcp"}, "host": {"hostname": "semanticos-node", "os": {"platform": "linux", "family": "alpine"}}}
{"@timestamp": "2026-05-29T18:11:52.052260671Z", "event": {"kind": "event", "category": "network", "type": "denied", "dataset": "ebpf.network", "action": "drop"}, "network": {"transport": "tcp"}, "host": {"hostname": "semanticos-node", "os": {"platform": "linux", "family": "alpine"}}}
{"@timestamp": "2026-05-29T18:11:54.051384838Z", "event": {"kind": "event", "category": "network", "type": "denied", "dataset": "ebpf.network", "action": "drop"}, "network": {"transport": "tcp"}, "host": {"hostname": "semanticos-node", "os": {"platform": "linux", "family": "alpine"}}}
{"@timestamp": "2026-05-29T18:11:56.050449214Z", "event": {"kind": "event", "category": "network", "type": "denied", "dataset": "ebpf.network", "action": "drop"}, "network": {"transport": "tcp"}, "host": {"hostname": "semanticos-node", "os": {"platform": "linux", "family": "alpine"}}}
{"@timestamp": "2026-05-29T18:11:58.052242549Z", "event": {"kind": "event", "category": "network", "type": "denied", "dataset": "ebpf.network", "action": "drop"}, "network": {"transport": "tcp"}, "host": {"hostname": "semanticos-node", "os": {"platform": "linux", "family": "alpine"}}}
{"@timestamp": "2026-05-29T18:12:00.05131505Z", "event": {"kind": "event", "category": "network", "type": "denied", "dataset": "ebpf.network", "action": "drop"}, "network": {"transport": "tcp"}, "host": {"hostname": "semanticos-node", "os": {"platform": "linux", "family": "alpine"}}}
{"@timestamp": "2026-05-29T18:12:02.052303509Z", "event": {"kind": "event", "category": "network", "type": "denied", "dataset": "ebpf.network", "action": "drop"}, "network": {"transport": "tcp"}, "host": {"hostname": "semanticos-node", "os": {"platform": "linux", "family": "alpine"}}}
{"@timestamp": "2026-05-29T18:12:04.052181635Z", "event": {"kind": "event", "category": "network", "type": "denied", "dataset": "ebpf.network", "action": "drop"}, "network": {"transport": "tcp"}, "host": {"hostname": "semanticos-node", "os": {"platform": "linux", "family": "alpine"}}}
{"@timestamp": "2026-05-29T18:12:06.052031261Z", "event": {"kind": "event", "category": "network", "type": "denied", "dataset": "ebpf.network", "action": "drop"}, "network": {"transport": "tcp"}, "host": {"hostname": "semanticos-node", "os": {"platform": "linux", "family": "alpine"}}}
{"@timestamp": "2026-05-29T18:12:08.053192678Z", "event": {"kind": "event", "category": "network", "type": "denied", "dataset": "ebpf.network", "action": "drop"}, "network": {"transport": "tcp"}, "host": {"hostname": "semanticos-node", "os": {"platform": "linux", "family": "alpine"}}}
{"@timestamp": "2026-05-29T18:12:10.052333388Z", "event": {"kind": "event", "category": "network", "type": "denied", "dataset": "ebpf.network", "action": "drop"}, "network": {"transport": "tcp"}, "host": {"hostname": "semanticos-node", "os": {"platform": "linux", "family": "alpine"}}}
{"@timestamp": "2026-05-29T18:12:12.051700472Z", "event": {"kind": "event", "category": "network", "type": "denied", "dataset": "ebpf.network", "action": "drop"}, "network": {"transport": "tcp"}, "host": {"hostname": "semanticos-node", "os": {"platform": "linux", "family": "alpine"}}}
{"@timestamp": "2026-05-29T18:12:14.051945709Z", "event": {"kind": "event", "category": "network", "type": "denied", "dataset": "ebpf.network", "action": "drop"}, "network": {"transport": "tcp"}, "host": {"hostname": "semanticos-node", "os": {"platform": "linux", "family": "alpine"}}}
{"@timestamp": "2026-05-29T18:12:16.051648543Z", "event": {"kind": "event", "category": "network", "type": "denied", "dataset": "ebpf.network", "action": "drop"}, "network": {"transport": "tcp"}, "host": {"hostname": "semanticos-node", "os": {"platform": "linux", "family": "alpine"}}}
{"@timestamp": "2026-05-29T18:12:18.052956502Z", "event": {"kind": "event", "category": "network", "type": "denied", "dataset": "ebpf.network", "action": "drop"}, "network": {"transport": "tcp"}, "host": {"hostname": "semanticos-node", "os": {"platform": "linux", "family": "alpine"}}}
{"@timestamp": "2026-05-29T18:12:20.053953003Z", "event": {"kind": "event", "category": "network", "type": "denied", "dataset": "ebpf.network", "action": "drop"}, "network": {"transport": "tcp"}, "host": {"hostname": "semanticos-node", "os": {"platform": "linux", "family": "alpine"}}}
{"@timestamp": "2026-05-29T18:12:22.053829879Z", "event": {"kind": "event", "category": "network", "type": "denied", "dataset": "ebpf.network", "action": "drop"}, "network": {"transport": "tcp"}, "host": {"hostname": "semanticos-node", "os": {"platform": "linux", "family": "alpine"}}}
{"@timestamp": "2026-05-29T18:12:24.051991088Z", "event": {"kind": "event", "category": "network", "type": "denied", "dataset": "ebpf.network", "action": "drop"}, "network": {"transport": "tcp"}, "host": {"hostname": "semanticos-node", "os": {"platform": "linux", "family": "alpine"}}}
{"@timestamp": "2026-05-29T18:12:26.052221131Z", "event": {"kind": "event", "category": "network", "type": "denied", "dataset": "ebpf.network", "action": "drop"}, "network": {"transport": "tcp"}, "host": {"hostname": "semanticos-node", "os": {"platform": "linux", "family": "alpine"}}}
{"@timestamp": "2026-05-29T18:12:28.055004174Z", "event": {"kind": "event", "category": "network", "type": "denied", "dataset": "ebpf.network", "action": "drop"}, "network": {"transport": "tcp"}, "host": {"hostname": "semanticos-node", "os": {"platform": "linux", "family": "alpine"}}}
{"@timestamp": "2026-05-29T18:12:30.053205925Z", "event": {"kind": "event", "category": "network", "type": "denied", "dataset": "ebpf.network", "action": "drop"}, "network": {"transport": "tcp"}, "host": {"hostname": "semanticos-node", "os": {"platform": "linux", "family": "alpine"}}}
{"@timestamp": "2026-05-29T18:12:32.054084676Z", "event": {"kind": "event", "category": "network", "type": "denied", "dataset": "ebpf.network", "action": "drop"}, "network": {"transport": "tcp"}, "host": {"hostname": "semanticos-node", "os": {"platform": "linux", "family": "alpine"}}}
{"@timestamp": "2026-05-29T18:12:34.052455926Z", "event": {"kind": "event", "category": "network", "type": "denied", "dataset": "ebpf.network", "action": "drop"}, "network": {"transport": "tcp"}, "host": {"hostname": "semanticos-node", "os": {"platform": "linux", "family": "alpine"}}}
{"@timestamp": "2026-05-29T18:12:36.050920219Z", "event": {"kind": "event", "category": "network", "type": "denied", "dataset": "ebpf.network", "action": "drop"}, "network": {"transport": "tcp"}, "host": {"hostname": "semanticos-node", "os": {"platform": "linux", "family": "alpine"}}}
{"@timestamp": "2026-05-29T18:12:38.05257572Z", "event": {"kind": "event", "category": "network", "type": "denied", "dataset": "ebpf.network", "action": "drop"}, "network": {"transport": "tcp"}, "host": {"hostname": "semanticos-node", "os": {"platform": "linux", "family": "alpine"}}}
{"@timestamp": "2026-05-29T18:12:40.051875096Z", "event": {"kind": "event", "category": "network", "type": "denied", "dataset": "ebpf.network", "action": "drop"}, "network": {"transport": "tcp"}, "host": {"hostname": "semanticos-node", "os": {"platform": "linux", "family": "alpine"}}}
{"@timestamp": "2026-05-29T18:12:42.05301343Z", "event": {"kind": "event", "category": "network", "type": "denied", "dataset": "ebpf.network", "action": "drop"}, "network": {"transport": "tcp"}, "host": {"hostname": "semanticos-node", "os": {"platform": "linux", "family": "alpine"}}}
{"@timestamp": "2026-05-29T18:12:44.051003334Z", "event": {"kind": "event", "category": "network", "type": "denied", "dataset": "ebpf.network", "action": "drop"}, "network": {"transport": "tcp"}, "host": {"hostname": "semanticos-node", "os": {"platform": "linux", "family": "alpine"}}}
{"@timestamp": "2026-05-29T18:12:46.052778126Z", "event": {"kind": "event", "category": "network", "type": "denied", "dataset": "ebpf.network", "action": "drop"}, "network": {"transport": "tcp"}, "host": {"hostname": "semanticos-node", "os": {"platform": "linux", "family": "alpine"}}}
{"@timestamp": "2026-05-29T18:12:48.053106211Z", "event": {"kind": "event", "category": "network", "type": "denied", "dataset": "ebpf.network", "action": "drop"}, "network": {"transport": "tcp"}, "host": {"hostname": "semanticos-node", "os": {"platform": "linux", "family": "alpine"}}}
{"@timestamp": "2026-05-29T18:12:50.052554003Z", "event": {"kind": "event", "category": "network", "type": "denied", "dataset": "ebpf.network", "action": "drop"}, "network": {"transport": "tcp"}, "host": {"hostname": "semanticos-node", "os": {"platform": "linux", "family": "alpine"}}}
{"@timestamp": "2026-05-29T18:12:52.051293212Z", "event": {"kind": "event", "category": "network", "type": "denied", "dataset": "ebpf.network", "action": "drop"}, "network": {"transport": "tcp"}, "host": {"hostname": "semanticos-node", "os": {"platform": "linux", "family": "alpine"}}}
{"@timestamp": "2026-05-29T18:12:54.052087005Z", "event": {"kind": "event", "category": "network", "type": "denied", "dataset": "ebpf.network", "action": "drop"}, "network": {"transport": "tcp"}, "host": {"hostname": "semanticos-node", "os": {"platform": "linux", "family": "alpine"}}}
{"@timestamp": "2026-05-29T18:12:56.051767839Z", "event": {"kind": "event", "category": "network", "type": "denied", "dataset": "ebpf.network", "action": "drop"}, "network": {"transport": "tcp"}, "host": {"hostname": "semanticos-node", "os": {"platform": "linux", "family": "alpine"}}}
{"@timestamp": "2026-05-29T18:12:58.052767174Z", "event": {"kind": "event", "category": "network", "type": "denied", "dataset": "ebpf.network", "action": "drop"}, "network": {"transport": "tcp"}, "host": {"hostname": "semanticos-node", "os": {"platform": "linux", "family": "alpine"}}}
{"@timestamp": "2026-05-29T18:13:00.052709341Z", "event": {"kind": "event", "category": "network", "type": "denied", "dataset": "ebpf.network", "action": "drop"}, "network": {"transport": "tcp"}, "host": {"hostname": "semanticos-node", "os": {"platform": "linux", "family": "alpine"}}}
{"@timestamp": "2026-05-29T18:13:02.051257884Z", "event": {"kind": "event", "category": "network", "type": "denied", "dataset": "ebpf.network", "action": "drop"}, "network": {"transport": "tcp"}, "host": {"hostname": "semanticos-node", "os": {"platform": "linux", "family": "alpine"}}}
{"@timestamp": "2026-05-29T18:13:04.052843301Z", "event": {"kind": "event", "category": "network", "type": "denied", "dataset": "ebpf.network", "action": "drop"}, "network": {"transport": "tcp"}, "host": {"hostname": "semanticos-node", "os": {"platform": "linux", "family": "alpine"}}}
{"@timestamp": "2026-05-29T18:13:06.052731302Z", "event": {"kind": "event", "category": "network", "type": "denied", "dataset": "ebpf.network", "action": "drop"}, "network": {"transport": "tcp"}, "host": {"hostname": "semanticos-node", "os": {"platform": "linux", "family": "alpine"}}}
{"@timestamp": "2026-05-29T18:13:08.051512053Z", "event": {"kind": "event", "category": "network", "type": "denied", "dataset": "ebpf.network", "action": "drop"}, "network": {"transport": "tcp"}, "host": {"hostname": "semanticos-node", "os": {"platform": "linux", "family": "alpine"}}}
{"@timestamp": "2026-05-29T18:13:10.054125638Z", "event": {"kind": "event", "category": "network", "type": "denied", "dataset": "ebpf.network", "action": "drop"}, "network": {"transport": "tcp"}, "host": {"hostname": "semanticos-node", "os": {"platform": "linux", "family": "alpine"}}}
{"@timestamp": "2026-05-29T18:13:12.053327847Z", "event": {"kind": "event", "category": "network", "type": "denied", "dataset": "ebpf.network", "action": "drop"}, "network": {"transport": "tcp"}, "host": {"hostname": "semanticos-node", "os": {"platform": "linux", "family": "alpine"}}}
{"@timestamp": "2026-05-29T18:13:14.053521084Z", "event": {"kind": "event", "category": "network", "type": "denied", "dataset": "ebpf.network", "action": "drop"}, "network": {"transport": "tcp"}, "host": {"hostname": "semanticos-node", "os": {"platform": "linux", "family": "alpine"}}}
{"@timestamp": "2026-05-29T18:13:16.052118001Z", "event": {"kind": "event", "category": "network", "type": "denied", "dataset": "ebpf.network", "action": "drop"}, "network": {"transport": "tcp"}, "host": {"hostname": "semanticos-node", "os": {"platform": "linux", "family": "alpine"}}}
{"@timestamp": "2026-05-29T18:13:18.049951419Z", "event": {"kind": "event", "category": "network", "type": "denied", "dataset": "ebpf.network", "action": "drop"}, "network": {"transport": "tcp"}, "host": {"hostname": "semanticos-node", "os": {"platform": "linux", "family": "alpine"}}}
{"@timestamp": "2026-05-29T18:13:20.051845836Z", "event": {"kind": "event", "category": "network", "type": "denied", "dataset": "ebpf.network", "action": "drop"}, "network": {"transport": "tcp"}, "host": {"hostname": "semanticos-node", "os": {"platform": "linux", "family": "alpine"}}}
{"@timestamp": "2026-05-29T18:13:22.052357962Z", "event": {"kind": "event", "category": "network", "type": "denied", "dataset": "ebpf.network", "action": "drop"}, "network": {"transport": "tcp"}, "host": {"hostname": "semanticos-node", "os": {"platform": "linux", "family": "alpine"}}}
{"@timestamp": "2026-05-29T18:13:24.051722838Z", "event": {"kind": "event", "category": "network", "type": "denied", "dataset": "ebpf.network", "action": "drop"}, "network": {"transport": "tcp"}, "host": {"hostname": "semanticos-node", "os": {"platform": "linux", "family": "alpine"}}}
{"@timestamp": "2026-05-29T18:13:26.051862339Z", "event": {"kind": "event", "category": "network", "type": "denied", "dataset": "ebpf.network", "action": "drop"}, "network": {"transport": "tcp"}, "host": {"hostname": "semanticos-node", "os": {"platform": "linux", "family": "alpine"}}}
{"@timestamp": "2026-05-29T18:13:28.050997382Z", "event": {"kind": "event", "category": "network", "type": "denied", "dataset": "ebpf.network", "action": "drop"}, "network": {"transport": "tcp"}, "host": {"hostname": "semanticos-node", "os": {"platform": "linux", "family": "alpine"}}}
{"@timestamp": "2026-05-29T18:13:30.052960508Z", "event": {"kind": "event", "category": "network", "type": "denied", "dataset": "ebpf.network", "action": "drop"}, "network": {"transport": "tcp"}, "host": {"hostname": "semanticos-node", "os": {"platform": "linux", "family": "alpine"}}}
{"@timestamp": "2026-05-29T18:13:32.052810759Z", "event": {"kind": "event", "category": "network", "type": "denied", "dataset": "ebpf.network", "action": "drop"}, "network": {"transport": "tcp"}, "host": {"hostname": "semanticos-node", "os": {"platform": "linux", "family": "alpine"}}}
{"@timestamp": "2026-05-29T18:13:34.052196468Z", "event": {"kind": "event", "category": "network", "type": "denied", "dataset": "ebpf.network", "action": "drop"}, "network": {"transport": "tcp"}, "host": {"hostname": "semanticos-node", "os": {"platform": "linux", "family": "alpine"}}}
{"@timestamp": "2026-05-29T18:13:36.049898594Z", "event": {"kind": "event", "category": "network", "type": "denied", "dataset": "ebpf.network", "action": "drop"}, "network": {"transport": "tcp"}, "host": {"hostname": "semanticos-node", "os": {"platform": "linux", "family": "alpine"}}}
{"@timestamp": "2026-05-29T18:13:38.051485678Z", "event": {"kind": "event", "category": "network", "type": "denied", "dataset": "ebpf.network", "action": "drop"}, "network": {"transport": "tcp"}, "host": {"hostname": "semanticos-node", "os": {"platform": "linux", "family": "alpine"}}}
{"@timestamp": "2026-05-29T18:13:40.053341513Z", "event": {"kind": "event", "category": "network", "type": "denied", "dataset": "ebpf.network", "action": "drop"}, "network": {"transport": "tcp"}, "host": {"hostname": "semanticos-node", "os": {"platform": "linux", "family": "alpine"}}}
{"@timestamp": "2026-05-29T18:13:42.052746222Z", "event": {"kind": "event", "category": "network", "type": "denied", "dataset": "ebpf.network", "action": "drop"}, "network": {"transport": "tcp"}, "host": {"hostname": "semanticos-node", "os": {"platform": "linux", "family": "alpine"}}}
{"@timestamp": "2026-05-29T18:13:44.050570542Z", "event": {"kind": "event", "category": "network", "type": "denied", "dataset": "ebpf.network", "action": "drop"}, "network": {"transport": "tcp"}, "host": {"hostname": "semanticos-node", "os": {"platform": "linux", "family": "alpine"}}}
{"@timestamp": "2026-05-29T18:13:46.046609335Z", "event": {"kind": "event", "category": "network", "type": "denied", "dataset": "ebpf.network", "action": "drop"}, "network": {"transport": "tcp"}, "host": {"hostname": "semanticos-node", "os": {"platform": "linux", "family": "alpine"}}}
{"@timestamp": "2026-05-29T18:13:48.047032002Z", "event": {"kind": "event", "category": "network", "type": "denied", "dataset": "ebpf.network", "action": "drop"}, "network": {"transport": "tcp"}, "host": {"hostname": "semanticos-node", "os": {"platform": "linux", "family": "alpine"}}}
{"@timestamp": "2026-05-29T18:13:50.046352503Z", "event": {"kind": "event", "category": "network", "type": "denied", "dataset": "ebpf.network", "action": "drop"}, "network": {"transport": "tcp"}, "host": {"hostname": "semanticos-node", "os": {"platform": "linux", "family": "alpine"}}}
{"@timestamp": "2026-05-29T18:13:52.048167546Z", "event": {"kind": "event", "category": "network", "type": "denied", "dataset": "ebpf.network", "action": "drop"}, "network": {"transport": "tcp"}, "host": {"hostname": "semanticos-node", "os": {"platform": "linux", "family": "alpine"}}}
{"@timestamp": "2026-05-29T18:13:54.047933547Z", "event": {"kind": "event", "category": "network", "type": "denied", "dataset": "ebpf.network", "action": "drop"}, "network": {"transport": "tcp"}, "host": {"hostname": "semanticos-node", "os": {"platform": "linux", "family": "alpine"}}}
{"@timestamp": "2026-05-29T18:13:56.046417464Z", "event": {"kind": "event", "category": "network", "type": "denied", "dataset": "ebpf.network", "action": "drop"}, "network": {"transport": "tcp"}, "host": {"hostname": "semanticos-node", "os": {"platform": "linux", "family": "alpine"}}}
{"@timestamp": "2026-05-29T18:13:58.046440549Z", "event": {"kind": "event", "category": "network", "type": "denied", "dataset": "ebpf.network", "action": "drop"}, "network": {"transport": "tcp"}, "host": {"hostname": "semanticos-node", "os": {"platform": "linux", "family": "alpine"}}}
{"@timestamp": "2026-05-29T18:14:00.0463078Z", "event": {"kind": "event", "category": "network", "type": "denied", "dataset": "ebpf.network", "action": "drop"}, "network": {"transport": "tcp"}, "host": {"hostname": "semanticos-node", "os": {"platform": "linux", "family": "alpine"}}}
{"@timestamp": "2026-05-29T18:14:02.048953967Z", "event": {"kind": "event", "category": "network", "type": "denied", "dataset": "ebpf.network", "action": "drop"}, "network": {"transport": "tcp"}, "host": {"hostname": "semanticos-node", "os": {"platform": "linux", "family": "alpine"}}}
{"@timestamp": "2026-05-29T18:14:04.047157218Z", "event": {"kind": "event", "category": "network", "type": "denied", "dataset": "ebpf.network", "action": "drop"}, "network": {"transport": "tcp"}, "host": {"hostname": "semanticos-node", "os": {"platform": "linux", "family": "alpine"}}}
{"@timestamp": "2026-05-29T18:14:06.045857094Z", "event": {"kind": "event", "category": "network", "type": "denied", "dataset": "ebpf.network", "action": "drop"}, "network": {"transport": "tcp"}, "host": {"hostname": "semanticos-node", "os": {"platform": "linux", "family": "alpine"}}}
{"@timestamp": "2026-05-29T18:14:08.04761597Z", "event": {"kind": "event", "category": "network", "type": "denied", "dataset": "ebpf.network", "action": "drop"}, "network": {"transport": "tcp"}, "host": {"hostname": "semanticos-node", "os": {"platform": "linux", "family": "alpine"}}}
{"@timestamp": "2026-05-29T18:14:10.045299554Z", "event": {"kind": "event", "category": "network", "type": "denied", "dataset": "ebpf.network", "action": "drop"}, "network": {"transport": "tcp"}, "host": {"hostname": "semanticos-node", "os": {"platform": "linux", "family": "alpine"}}}
{"@timestamp": "2026-05-29T18:14:12.047299555Z", "event": {"kind": "event", "category": "network", "type": "denied", "dataset": "ebpf.network", "action": "drop"}, "network": {"transport": "tcp"}, "host": {"hostname": "semanticos-node", "os": {"platform": "linux", "family": "alpine"}}}
{"@timestamp": "2026-05-29T18:14:14.054730709Z", "event": {"kind": "event", "category": "network", "type": "denied", "dataset": "ebpf.network", "action": "drop"}, "network": {"transport": "tcp"}, "host": {"hostname": "semanticos-node", "os": {"platform": "linux", "family": "alpine"}}}
{"@timestamp": "2026-05-29T18:14:16.052185043Z", "event": {"kind": "event", "category": "network", "type": "denied", "dataset": "ebpf.network", "action": "drop"}, "network": {"transport": "tcp"}, "host": {"hostname": "semanticos-node", "os": {"platform": "linux", "family": "alpine"}}}
{"@timestamp": "2026-05-29T18:14:18.05445171Z", "event": {"kind": "event", "category": "network", "type": "denied", "dataset": "ebpf.network", "action": "drop"}, "network": {"transport": "tcp"}, "host": {"hostname": "semanticos-node", "os": {"platform": "linux", "family": "alpine"}}}
{"@timestamp": "2026-05-29T18:14:20.053765211Z", "event": {"kind": "event", "category": "network", "type": "denied", "dataset": "ebpf.network", "action": "drop"}, "network": {"transport": "tcp"}, "host": {"hostname": "semanticos-node", "os": {"platform": "linux", "family": "alpine"}}}
{"@timestamp": "2026-05-29T18:14:22.051486629Z", "event": {"kind": "event", "category": "network", "type": "denied", "dataset": "ebpf.network", "action": "drop"}, "network": {"transport": "tcp"}, "host": {"hostname": "semanticos-node", "os": {"platform": "linux", "family": "alpine"}}}
{"@timestamp": "2026-05-29T18:14:24.054791838Z", "event": {"kind": "event", "category": "network", "type": "denied", "dataset": "ebpf.network", "action": "drop"}, "network": {"transport": "tcp"}, "host": {"hostname": "semanticos-node", "os": {"platform": "linux", "family": "alpine"}}}
{"@timestamp": "2026-05-29T18:14:26.052840256Z", "event": {"kind": "event", "category": "network", "type": "denied", "dataset": "ebpf.network", "action": "drop"}, "network": {"transport": "tcp"}, "host": {"hostname": "semanticos-node", "os": {"platform": "linux", "family": "alpine"}}}
{"@timestamp": "2026-05-29T18:14:28.05378684Z", "event": {"kind": "event", "category": "network", "type": "denied", "dataset": "ebpf.network", "action": "drop"}, "network": {"transport": "tcp"}, "host": {"hostname": "semanticos-node", "os": {"platform": "linux", "family": "alpine"}}}
{"@timestamp": "2026-05-29T18:14:30.053962966Z", "event": {"kind": "event", "category": "network", "type": "denied", "dataset": "ebpf.network", "action": "drop"}, "network": {"transport": "tcp"}, "host": {"hostname": "semanticos-node", "os": {"platform": "linux", "family": "alpine"}}}
{"@timestamp": "2026-05-29T18:14:32.051418175Z", "event": {"kind": "event", "category": "network", "type": "denied", "dataset": "ebpf.network", "action": "drop"}, "network": {"transport": "tcp"}, "host": {"hostname": "semanticos-node", "os": {"platform": "linux", "family": "alpine"}}}
{"@timestamp": "2026-05-29T18:14:34.053704426Z", "event": {"kind": "event", "category": "network", "type": "denied", "dataset": "ebpf.network", "action": "drop"}, "network": {"transport": "tcp"}, "host": {"hostname": "semanticos-node", "os": {"platform": "linux", "family": "alpine"}}}
{"@timestamp": "2026-05-29T18:14:36.052471844Z", "event": {"kind": "event", "category": "network", "type": "denied", "dataset": "ebpf.network", "action": "drop"}, "network": {"transport": "tcp"}, "host": {"hostname": "semanticos-node", "os": {"platform": "linux", "family": "alpine"}}}
{"@timestamp": "2026-05-29T18:14:38.053165845Z", "event": {"kind": "event", "category": "network", "type": "denied", "dataset": "ebpf.network", "action": "drop"}, "network": {"transport": "tcp"}, "host": {"hostname": "semanticos-node", "os": {"platform": "linux", "family": "alpine"}}}
{"@timestamp": "2026-05-29T18:14:40.052202888Z", "event": {"kind": "event", "category": "network", "type": "denied", "dataset": "ebpf.network", "action": "drop"}, "network": {"transport": "tcp"}, "host": {"hostname": "semanticos-node", "os": {"platform": "linux", "family": "alpine"}}}
{"@timestamp": "2026-05-29T18:14:42.05348143Z", "event": {"kind": "event", "category": "network", "type": "denied", "dataset": "ebpf.network", "action": "drop"}, "network": {"transport": "tcp"}, "host": {"hostname": "semanticos-node", "os": {"platform": "linux", "family": "alpine"}}}
{"@timestamp": "2026-05-29T18:14:44.057758959Z", "event": {"kind": "event", "category": "network", "type": "denied", "dataset": "ebpf.network", "action": "drop"}, "network": {"transport": "tcp"}, "host": {"hostname": "semanticos-node", "os": {"platform": "linux", "family": "alpine"}}}
{"@timestamp": "2026-05-29T18:14:46.053371918Z", "event": {"kind": "event", "category": "network", "type": "denied", "dataset": "ebpf.network", "action": "drop"}, "network": {"transport": "tcp"}, "host": {"hostname": "semanticos-node", "os": {"platform": "linux", "family": "alpine"}}}
{"@timestamp": "2026-05-29T18:14:48.054472294Z", "event": {"kind": "event", "category": "network", "type": "denied", "dataset": "ebpf.network", "action": "drop"}, "network": {"transport": "tcp"}, "host": {"hostname": "semanticos-node", "os": {"platform": "linux", "family": "alpine"}}}
{"@timestamp": "2026-05-29T18:14:50.05337917Z", "event": {"kind": "event", "category": "network", "type": "denied", "dataset": "ebpf.network", "action": "drop"}, "network": {"transport": "tcp"}, "host": {"hostname": "semanticos-node", "os": {"platform": "linux", "family": "alpine"}}}
{"@timestamp": "2026-05-29T18:14:52.055233462Z", "event": {"kind": "event", "category": "network", "type": "denied", "dataset": "ebpf.network", "action": "drop"}, "network": {"transport": "tcp"}, "host": {"hostname": "semanticos-node", "os": {"platform": "linux", "family": "alpine"}}}
{"@timestamp": "2026-05-29T18:14:54.054650797Z", "event": {"kind": "event", "category": "network", "type": "denied", "dataset": "ebpf.network", "action": "drop"}, "network": {"transport": "tcp"}, "host": {"hostname": "semanticos-node", "os": {"platform": "linux", "family": "alpine"}}}
{"@timestamp": "2026-05-29T18:14:56.054528256Z", "event": {"kind": "event", "category": "network", "type": "denied", "dataset": "ebpf.network", "action": "drop"}, "network": {"transport": "tcp"}, "host": {"hostname": "semanticos-node", "os": {"platform": "linux", "family": "alpine"}}}
{"@timestamp": "2026-05-29T18:14:58.055946299Z", "event": {"kind": "event", "category": "network", "type": "denied", "dataset": "ebpf.network", "action": "drop"}, "network": {"transport": "tcp"}, "host": {"hostname": "semanticos-node", "os": {"platform": "linux", "family": "alpine"}}}
{"@timestamp": "2026-05-29T18:15:00.054318675Z", "event": {"kind": "event", "category": "network", "type": "denied", "dataset": "ebpf.network", "action": "drop"}, "network": {"transport": "tcp"}, "host": {"hostname": "semanticos-node", "os": {"platform": "linux", "family": "alpine"}}}
{"@timestamp": "2026-05-29T18:15:02.056579634Z", "event": {"kind": "event", "category": "network", "type": "denied", "dataset": "ebpf.network", "action": "drop"}, "network": {"transport": "tcp"}, "host": {"hostname": "semanticos-node", "os": {"platform": "linux", "family": "alpine"}}}
{"@timestamp": "2026-05-29T18:15:04.054290135Z", "event": {"kind": "event", "category": "network", "type": "denied", "dataset": "ebpf.network", "action": "drop"}, "network": {"transport": "tcp"}, "host": {"hostname": "semanticos-node", "os": {"platform": "linux", "family": "alpine"}}}
{"@timestamp": "2026-05-29T18:15:06.055325511Z", "event": {"kind": "event", "category": "network", "type": "denied", "dataset": "ebpf.network", "action": "drop"}, "network": {"transport": "tcp"}, "host": {"hostname": "semanticos-node", "os": {"platform": "linux", "family": "alpine"}}}
{"@timestamp": "2026-05-29T18:15:08.052965137Z", "event": {"kind": "event", "category": "network", "type": "denied", "dataset": "ebpf.network", "action": "drop"}, "network": {"transport": "tcp"}, "host": {"hostname": "semanticos-node", "os": {"platform": "linux", "family": "alpine"}}}
{"@timestamp": "2026-05-29T18:15:10.054562346Z", "event": {"kind": "event", "category": "network", "type": "denied", "dataset": "ebpf.network", "action": "drop"}, "network": {"transport": "tcp"}, "host": {"hostname": "semanticos-node", "os": {"platform": "linux", "family": "alpine"}}}
{"@timestamp": "2026-05-29T18:15:12.055591597Z", "event": {"kind": "event", "category": "network", "type": "denied", "dataset": "ebpf.network", "action": "drop"}, "network": {"transport": "tcp"}, "host": {"hostname": "semanticos-node", "os": {"platform": "linux", "family": "alpine"}}}
{"@timestamp": "2026-05-29T18:15:14.054966834Z", "event": {"kind": "event", "category": "network", "type": "denied", "dataset": "ebpf.network", "action": "drop"}, "network": {"transport": "tcp"}, "host": {"hostname": "semanticos-node", "os": {"platform": "linux", "family": "alpine"}}}
{"@timestamp": "2026-05-29T18:15:16.053555043Z", "event": {"kind": "event", "category": "network", "type": "denied", "dataset": "ebpf.network", "action": "drop"}, "network": {"transport": "tcp"}, "host": {"hostname": "semanticos-node", "os": {"platform": "linux", "family": "alpine"}}}
{"@timestamp": "2026-05-29T18:15:18.055370377Z", "event": {"kind": "event", "category": "network", "type": "denied", "dataset": "ebpf.network", "action": "drop"}, "network": {"transport": "tcp"}, "host": {"hostname": "semanticos-node", "os": {"platform": "linux", "family": "alpine"}}}
{"@timestamp": "2026-05-29T18:15:20.053725961Z", "event": {"kind": "event", "category": "network", "type": "denied", "dataset": "ebpf.network", "action": "drop"}, "network": {"transport": "tcp"}, "host": {"hostname": "semanticos-node", "os": {"platform": "linux", "family": "alpine"}}}
{"@timestamp": "2026-05-29T18:15:22.054154337Z", "event": {"kind": "event", "category": "network", "type": "denied", "dataset": "ebpf.network", "action": "drop"}, "network": {"transport": "tcp"}, "host": {"hostname": "semanticos-node", "os": {"platform": "linux", "family": "alpine"}}}
{"@timestamp": "2026-05-29T18:15:24.054448547Z", "event": {"kind": "event", "category": "network", "type": "denied", "dataset": "ebpf.network", "action": "drop"}, "network": {"transport": "tcp"}, "host": {"hostname": "semanticos-node", "os": {"platform": "linux", "family": "alpine"}}}
{"@timestamp": "2026-05-29T18:15:26.054346256Z", "event": {"kind": "event", "category": "network", "type": "denied", "dataset": "ebpf.network", "action": "drop"}, "network": {"transport": "tcp"}, "host": {"hostname": "semanticos-node", "os": {"platform": "linux", "family": "alpine"}}}
{"@timestamp": "2026-05-29T18:15:28.054399299Z", "event": {"kind": "event", "category": "network", "type": "denied", "dataset": "ebpf.network", "action": "drop"}, "network": {"transport": "tcp"}, "host": {"hostname": "semanticos-node", "os": {"platform": "linux", "family": "alpine"}}}
{"@timestamp": "2026-05-29T18:15:30.0553963Z", "event": {"kind": "event", "category": "network", "type": "denied", "dataset": "ebpf.network", "action": "drop"}, "network": {"transport": "tcp"}, "host": {"hostname": "semanticos-node", "os": {"platform": "linux", "family": "alpine"}}}
{"@timestamp": "2026-05-29T18:15:32.054394259Z", "event": {"kind": "event", "category": "network", "type": "denied", "dataset": "ebpf.network", "action": "drop"}, "network": {"transport": "tcp"}, "host": {"hostname": "semanticos-node", "os": {"platform": "linux", "family": "alpine"}}}
{"@timestamp": "2026-05-29T18:15:34.054779385Z", "event": {"kind": "event", "category": "network", "type": "denied", "dataset": "ebpf.network", "action": "drop"}, "network": {"transport": "tcp"}, "host": {"hostname": "semanticos-node", "os": {"platform": "linux", "family": "alpine"}}}
{"@timestamp": "2026-05-29T18:15:36.052227136Z", "event": {"kind": "event", "category": "network", "type": "denied", "dataset": "ebpf.network", "action": "drop"}, "network": {"transport": "tcp"}, "host": {"hostname": "semanticos-node", "os": {"platform": "linux", "family": "alpine"}}}
{"@timestamp": "2026-05-29T18:15:38.05145547Z", "event": {"kind": "event", "category": "network", "type": "denied", "dataset": "ebpf.network", "action": "drop"}, "network": {"transport": "tcp"}, "host": {"hostname": "semanticos-node", "os": {"platform": "linux", "family": "alpine"}}}
{"@timestamp": "2026-05-29T18:15:40.054451929Z", "event": {"kind": "event", "category": "network", "type": "denied", "dataset": "ebpf.network", "action": "drop"}, "network": {"transport": "tcp"}, "host": {"hostname": "semanticos-node", "os": {"platform": "linux", "family": "alpine"}}}
{"@timestamp": "2026-05-29T18:15:42.054793847Z", "event": {"kind": "event", "category": "network", "type": "denied", "dataset": "ebpf.network", "action": "drop"}, "network": {"transport": "tcp"}, "host": {"hostname": "semanticos-node", "os": {"platform": "linux", "family": "alpine"}}}
{"@timestamp": "2026-05-29T18:15:44.054997Z", "event": {"kind": "event", "category": "network", "type": "denied", "dataset": "ebpf.network", "action": "drop"}, "network": {"transport": "tcp"}, "host": {"hostname": "semanticos-node", "os": {"platform": "linux", "family": "alpine"}}}
{"@timestamp": "2026-05-29T18:15:46.053594543Z", "event": {"kind": "event", "category": "network", "type": "denied", "dataset": "ebpf.network", "action": "drop"}, "network": {"transport": "tcp"}, "host": {"hostname": "semanticos-node", "os": {"platform": "linux", "family": "alpine"}}}
{"@timestamp": "2026-05-29T18:15:48.056251919Z", "event": {"kind": "event", "category": "network", "type": "denied", "dataset": "ebpf.network", "action": "drop"}, "network": {"transport": "tcp"}, "host": {"hostname": "semanticos-node", "os": {"platform": "linux", "family": "alpine"}}}
{"@timestamp": "2026-05-29T18:15:50.054690753Z", "event": {"kind": "event", "category": "network", "type": "denied", "dataset": "ebpf.network", "action": "drop"}, "network": {"transport": "tcp"}, "host": {"hostname": "semanticos-node", "os": {"platform": "linux", "family": "alpine"}}}
{"@timestamp": "2026-05-29T18:15:52.054901046Z", "event": {"kind": "event", "category": "network", "type": "denied", "dataset": "ebpf.network", "action": "drop"}, "network": {"transport": "tcp"}, "host": {"hostname": "semanticos-node", "os": {"platform": "linux", "family": "alpine"}}}
{"@timestamp": "2026-05-29T18:15:54.053677338Z", "event": {"kind": "event", "category": "network", "type": "denied", "dataset": "ebpf.network", "action": "drop"}, "network": {"transport": "tcp"}, "host": {"hostname": "semanticos-node", "os": {"platform": "linux", "family": "alpine"}}}
{"@timestamp": "2026-05-29T18:15:56.053979423Z", "event": {"kind": "event", "category": "network", "type": "denied", "dataset": "ebpf.network", "action": "drop"}, "network": {"transport": "tcp"}, "host": {"hostname": "semanticos-node", "os": {"platform": "linux", "family": "alpine"}}}
{"@timestamp": "2026-05-29T18:15:58.055649799Z", "event": {"kind": "event", "category": "network", "type": "denied", "dataset": "ebpf.network", "action": "drop"}, "network": {"transport": "tcp"}, "host": {"hostname": "semanticos-node", "os": {"platform": "linux", "family": "alpine"}}}
{"@timestamp": "2026-05-29T18:16:00.056059633Z", "event": {"kind": "event", "category": "network", "type": "denied", "dataset": "ebpf.network", "action": "drop"}, "network": {"transport": "tcp"}, "host": {"hostname": "semanticos-node", "os": {"platform": "linux", "family": "alpine"}}}
{"@timestamp": "2026-05-29T18:16:02.056181675Z", "event": {"kind": "event", "category": "network", "type": "denied", "dataset": "ebpf.network", "action": "drop"}, "network": {"transport": "tcp"}, "host": {"hostname": "semanticos-node", "os": {"platform": "linux", "family": "alpine"}}}
{"@timestamp": "2026-05-29T18:16:04.055945843Z", "event": {"kind": "event", "category": "network", "type": "denied", "dataset": "ebpf.network", "action": "drop"}, "network": {"transport": "tcp"}, "host": {"hostname": "semanticos-node", "os": {"platform": "linux", "family": "alpine"}}}
{"@timestamp": "2026-05-29T18:16:06.054762969Z", "event": {"kind": "event", "category": "network", "type": "denied", "dataset": "ebpf.network", "action": "drop"}, "network": {"transport": "tcp"}, "host": {"hostname": "semanticos-node", "os": {"platform": "linux", "family": "alpine"}}}
{"@timestamp": "2026-05-29T18:16:08.05526597Z", "event": {"kind": "event", "category": "network", "type": "denied", "dataset": "ebpf.network", "action": "drop"}, "network": {"transport": "tcp"}, "host": {"hostname": "semanticos-node", "os": {"platform": "linux", "family": "alpine"}}}
{"@timestamp": "2026-05-29T18:16:10.056924804Z", "event": {"kind": "event", "category": "network", "type": "denied", "dataset": "ebpf.network", "action": "drop"}, "network": {"transport": "tcp"}, "host": {"hostname": "semanticos-node", "os": {"platform": "linux", "family": "alpine"}}}
{"@timestamp": "2026-05-29T18:16:12.055334514Z", "event": {"kind": "event", "category": "network", "type": "denied", "dataset": "ebpf.network", "action": "drop"}, "network": {"transport": "tcp"}, "host": {"hostname": "semanticos-node", "os": {"platform": "linux", "family": "alpine"}}}
{"@timestamp": "2026-05-29T18:16:14.054187542Z", "event": {"kind": "event", "category": "network", "type": "denied", "dataset": "ebpf.network", "action": "drop"}, "network": {"transport": "tcp"}, "host": {"hostname": "semanticos-node", "os": {"platform": "linux", "family": "alpine"}}}
{"@timestamp": "2026-05-29T18:16:16.052588876Z", "event": {"kind": "event", "category": "network", "type": "denied", "dataset": "ebpf.network", "action": "drop"}, "network": {"transport": "tcp"}, "host": {"hostname": "semanticos-node", "os": {"platform": "linux", "family": "alpine"}}}
{"@timestamp": "2026-05-29T18:16:18.054316752Z", "event": {"kind": "event", "category": "network", "type": "denied", "dataset": "ebpf.network", "action": "drop"}, "network": {"transport": "tcp"}, "host": {"hostname": "semanticos-node", "os": {"platform": "linux", "family": "alpine"}}}
{"@timestamp": "2026-05-29T18:16:20.05370292Z", "event": {"kind": "event", "category": "network", "type": "denied", "dataset": "ebpf.network", "action": "drop"}, "network": {"transport": "tcp"}, "host": {"hostname": "semanticos-node", "os": {"platform": "linux", "family": "alpine"}}}
{"@timestamp": "2026-05-29T18:16:22.055885671Z", "event": {"kind": "event", "category": "network", "type": "denied", "dataset": "ebpf.network", "action": "drop"}, "network": {"transport": "tcp"}, "host": {"hostname": "semanticos-node", "os": {"platform": "linux", "family": "alpine"}}}
{"@timestamp": "2026-05-29T18:16:24.055068547Z", "event": {"kind": "event", "category": "network", "type": "denied", "dataset": "ebpf.network", "action": "drop"}, "network": {"transport": "tcp"}, "host": {"hostname": "semanticos-node", "os": {"platform": "linux", "family": "alpine"}}}
{"@timestamp": "2026-05-29T18:16:26.055171464Z", "event": {"kind": "event", "category": "network", "type": "denied", "dataset": "ebpf.network", "action": "drop"}, "network": {"transport": "tcp"}, "host": {"hostname": "semanticos-node", "os": {"platform": "linux", "family": "alpine"}}}
{"@timestamp": "2026-05-29T18:16:28.053094174Z", "event": {"kind": "event", "category": "network", "type": "denied", "dataset": "ebpf.network", "action": "drop"}, "network": {"transport": "tcp"}, "host": {"hostname": "semanticos-node", "os": {"platform": "linux", "family": "alpine"}}}
{"@timestamp": "2026-05-29T18:16:30.055704008Z", "event": {"kind": "event", "category": "network", "type": "denied", "dataset": "ebpf.network", "action": "drop"}, "network": {"transport": "tcp"}, "host": {"hostname": "semanticos-node", "os": {"platform": "linux", "family": "alpine"}}}
{"@timestamp": "2026-05-29T18:16:32.054193842Z", "event": {"kind": "event", "category": "network", "type": "denied", "dataset": "ebpf.network", "action": "drop"}, "network": {"transport": "tcp"}, "host": {"hostname": "semanticos-node", "os": {"platform": "linux", "family": "alpine"}}}
{"@timestamp": "2026-05-29T18:16:34.056080051Z", "event": {"kind": "event", "category": "network", "type": "denied", "dataset": "ebpf.network", "action": "drop"}, "network": {"transport": "tcp"}, "host": {"hostname": "semanticos-node", "os": {"platform": "linux", "family": "alpine"}}}
{"@timestamp": "2026-05-29T18:16:36.057393594Z", "event": {"kind": "event", "category": "network", "type": "denied", "dataset": "ebpf.network", "action": "drop"}, "network": {"transport": "tcp"}, "host": {"hostname": "semanticos-node", "os": {"platform": "linux", "family": "alpine"}}}
{"@timestamp": "2026-05-29T18:16:38.054194845Z", "event": {"kind": "event", "category": "network", "type": "denied", "dataset": "ebpf.network", "action": "drop"}, "network": {"transport": "tcp"}, "host": {"hostname": "semanticos-node", "os": {"platform": "linux", "family": "alpine"}}}
{"@timestamp": "2026-05-29T18:16:40.055057263Z", "event": {"kind": "event", "category": "network", "type": "denied", "dataset": "ebpf.network", "action": "drop"}, "network": {"transport": "tcp"}, "host": {"hostname": "semanticos-node", "os": {"platform": "linux", "family": "alpine"}}}
{"@timestamp": "2026-05-29T18:16:42.054373097Z", "event": {"kind": "event", "category": "network", "type": "denied", "dataset": "ebpf.network", "action": "drop"}, "network": {"transport": "tcp"}, "host": {"hostname": "semanticos-node", "os": {"platform": "linux", "family": "alpine"}}}
{"@timestamp": "2026-05-29T18:16:44.05511775Z", "event": {"kind": "event", "category": "network", "type": "denied", "dataset": "ebpf.network", "action": "drop"}, "network": {"transport": "tcp"}, "host": {"hostname": "semanticos-node", "os": {"platform": "linux", "family": "alpine"}}}
{"@timestamp": "2026-05-29T18:16:46.052860126Z", "event": {"kind": "event", "category": "network", "type": "denied", "dataset": "ebpf.network", "action": "drop"}, "network": {"transport": "tcp"}, "host": {"hostname": "semanticos-node", "os": {"platform": "linux", "family": "alpine"}}}
{"@timestamp": "2026-05-29T18:16:48.053889252Z", "event": {"kind": "event", "category": "network", "type": "denied", "dataset": "ebpf.network", "action": "drop"}, "network": {"transport": "tcp"}, "host": {"hostname": "semanticos-node", "os": {"platform": "linux", "family": "alpine"}}}
{"@timestamp": "2026-05-29T18:16:50.054135753Z", "event": {"kind": "event", "category": "network", "type": "denied", "dataset": "ebpf.network", "action": "drop"}, "network": {"transport": "tcp"}, "host": {"hostname": "semanticos-node", "os": {"platform": "linux", "family": "alpine"}}}
{"@timestamp": "2026-05-29T18:16:52.054874754Z", "event": {"kind": "event", "category": "network", "type": "denied", "dataset": "ebpf.network", "action": "drop"}, "network": {"transport": "tcp"}, "host": {"hostname": "semanticos-node", "os": {"platform": "linux", "family": "alpine"}}}
{"@timestamp": "2026-05-29T18:16:54.055066047Z", "event": {"kind": "event", "category": "network", "type": "denied", "dataset": "ebpf.network", "action": "drop"}, "network": {"transport": "tcp"}, "host": {"hostname": "semanticos-node", "os": {"platform": "linux", "family": "alpine"}}}
{"@timestamp": "2026-05-29T18:16:56.053370798Z", "event": {"kind": "event", "category": "network", "type": "denied", "dataset": "ebpf.network", "action": "drop"}, "network": {"transport": "tcp"}, "host": {"hostname": "semanticos-node", "os": {"platform": "linux", "family": "alpine"}}}
{"@timestamp": "2026-05-29T18:16:58.054018757Z", "event": {"kind": "event", "category": "network", "type": "denied", "dataset": "ebpf.network", "action": "drop"}, "network": {"transport": "tcp"}, "host": {"hostname": "semanticos-node", "os": {"platform": "linux", "family": "alpine"}}}
{"@timestamp": "2026-05-29T18:17:00.054035674Z", "event": {"kind": "event", "category": "network", "type": "denied", "dataset": "ebpf.network", "action": "drop"}, "network": {"transport": "tcp"}, "host": {"hostname": "semanticos-node", "os": {"platform": "linux", "family": "alpine"}}}
{"@timestamp": "2026-05-29T18:17:02.055941092Z", "event": {"kind": "event", "category": "network", "type": "denied", "dataset": "ebpf.network", "action": "drop"}, "network": {"transport": "tcp"}, "host": {"hostname": "semanticos-node", "os": {"platform": "linux", "family": "alpine"}}}
{"@timestamp": "2026-05-29T18:17:04.054283176Z", "event": {"kind": "event", "category": "network", "type": "denied", "dataset": "ebpf.network", "action": "drop"}, "network": {"transport": "tcp"}, "host": {"hostname": "semanticos-node", "os": {"platform": "linux", "family": "alpine"}}}
{"@timestamp": "2026-05-29T18:17:06.053971469Z", "event": {"kind": "event", "category": "network", "type": "denied", "dataset": "ebpf.network", "action": "drop"}, "network": {"transport": "tcp"}, "host": {"hostname": "semanticos-node", "os": {"platform": "linux", "family": "alpine"}}}
{"@timestamp": "2026-05-29T18:17:08.053930595Z", "event": {"kind": "event", "category": "network", "type": "denied", "dataset": "ebpf.network", "action": "drop"}, "network": {"transport": "tcp"}, "host": {"hostname": "semanticos-node", "os": {"platform": "linux", "family": "alpine"}}}
{"@timestamp": "2026-05-29T18:17:10.054935388Z", "event": {"kind": "event", "category": "network", "type": "denied", "dataset": "ebpf.network", "action": "drop"}, "network": {"transport": "tcp"}, "host": {"hostname": "semanticos-node", "os": {"platform": "linux", "family": "alpine"}}}
{"@timestamp": "2026-05-29T18:17:12.053287847Z", "event": {"kind": "event", "category": "network", "type": "denied", "dataset": "ebpf.network", "action": "drop"}, "network": {"transport": "tcp"}, "host": {"hostname": "semanticos-node", "os": {"platform": "linux", "family": "alpine"}}}
{"@timestamp": "2026-05-29T18:17:14.05523675Z", "event": {"kind": "event", "category": "network", "type": "denied", "dataset": "ebpf.network", "action": "drop"}, "network": {"transport": "tcp"}, "host": {"hostname": "semanticos-node", "os": {"platform": "linux", "family": "alpine"}}}
{"@timestamp": "2026-05-29T18:17:16.053748876Z", "event": {"kind": "event", "category": "network", "type": "denied", "dataset": "ebpf.network", "action": "drop"}, "network": {"transport": "tcp"}, "host": {"hostname": "semanticos-node", "os": {"platform": "linux", "family": "alpine"}}}
{"@timestamp": "2026-05-29T18:17:18.055253794Z", "event": {"kind": "event", "category": "network", "type": "denied", "dataset": "ebpf.network", "action": "drop"}, "network": {"transport": "tcp"}, "host": {"hostname": "semanticos-node", "os": {"platform": "linux", "family": "alpine"}}}
{"@timestamp": "2026-05-29T18:17:20.054678586Z", "event": {"kind": "event", "category": "network", "type": "denied", "dataset": "ebpf.network", "action": "drop"}, "network": {"transport": "tcp"}, "host": {"hostname": "semanticos-node", "os": {"platform": "linux", "family": "alpine"}}}
{"@timestamp": "2026-05-29T18:17:22.053571004Z", "event": {"kind": "event", "category": "network", "type": "denied", "dataset": "ebpf.network", "action": "drop"}, "network": {"transport": "tcp"}, "host": {"hostname": "semanticos-node", "os": {"platform": "linux", "family": "alpine"}}}
{"@timestamp": "2026-05-29T18:17:24.055484005Z", "event": {"kind": "event", "category": "network", "type": "denied", "dataset": "ebpf.network", "action": "drop"}, "network": {"transport": "tcp"}, "host": {"hostname": "semanticos-node", "os": {"platform": "linux", "family": "alpine"}}}
{"@timestamp": "2026-05-29T18:17:26.055346089Z", "event": {"kind": "event", "category": "network", "type": "denied", "dataset": "ebpf.network", "action": "drop"}, "network": {"transport": "tcp"}, "host": {"hostname": "semanticos-node", "os": {"platform": "linux", "family": "alpine"}}}
{"@timestamp": "2026-05-29T18:17:28.055670424Z", "event": {"kind": "event", "category": "network", "type": "denied", "dataset": "ebpf.network", "action": "drop"}, "network": {"transport": "tcp"}, "host": {"hostname": "semanticos-node", "os": {"platform": "linux", "family": "alpine"}}}
{"@timestamp": "2026-05-29T18:17:30.056254424Z", "event": {"kind": "event", "category": "network", "type": "denied", "dataset": "ebpf.network", "action": "drop"}, "network": {"transport": "tcp"}, "host": {"hostname": "semanticos-node", "os": {"platform": "linux", "family": "alpine"}}}
{"@timestamp": "2026-05-29T18:17:32.0559098Z", "event": {"kind": "event", "category": "network", "type": "denied", "dataset": "ebpf.network", "action": "drop"}, "network": {"transport": "tcp"}, "host": {"hostname": "semanticos-node", "os": {"platform": "linux", "family": "alpine"}}}
{"@timestamp": "2026-05-29T18:17:34.055461301Z", "event": {"kind": "event", "category": "network", "type": "denied", "dataset": "ebpf.network", "action": "drop"}, "network": {"transport": "tcp"}, "host": {"hostname": "semanticos-node", "os": {"platform": "linux", "family": "alpine"}}}
{"@timestamp": "2026-05-29T18:17:36.052733427Z", "event": {"kind": "event", "category": "network", "type": "denied", "dataset": "ebpf.network", "action": "drop"}, "network": {"transport": "tcp"}, "host": {"hostname": "semanticos-node", "os": {"platform": "linux", "family": "alpine"}}}
{"@timestamp": "2026-05-29T18:17:38.054577845Z", "event": {"kind": "event", "category": "network", "type": "denied", "dataset": "ebpf.network", "action": "drop"}, "network": {"transport": "tcp"}, "host": {"hostname": "semanticos-node", "os": {"platform": "linux", "family": "alpine"}}}
{"@timestamp": "2026-05-29T18:17:40.056590846Z", "event": {"kind": "event", "category": "network", "type": "denied", "dataset": "ebpf.network", "action": "drop"}, "network": {"transport": "tcp"}, "host": {"hostname": "semanticos-node", "os": {"platform": "linux", "family": "alpine"}}}
{"@timestamp": "2026-05-29T18:17:42.055823305Z", "event": {"kind": "event", "category": "network", "type": "denied", "dataset": "ebpf.network", "action": "drop"}, "network": {"transport": "tcp"}, "host": {"hostname": "semanticos-node", "os": {"platform": "linux", "family": "alpine"}}}
{"@timestamp": "2026-05-29T18:17:44.057690542Z", "event": {"kind": "event", "category": "network", "type": "denied", "dataset": "ebpf.network", "action": "drop"}, "network": {"transport": "tcp"}, "host": {"hostname": "semanticos-node", "os": {"platform": "linux", "family": "alpine"}}}
{"@timestamp": "2026-05-29T18:17:46.055238668Z", "event": {"kind": "event", "category": "network", "type": "denied", "dataset": "ebpf.network", "action": "drop"}, "network": {"transport": "tcp"}, "host": {"hostname": "semanticos-node", "os": {"platform": "linux", "family": "alpine"}}}
{"@timestamp": "2026-05-29T18:17:48.056370794Z", "event": {"kind": "event", "category": "network", "type": "denied", "dataset": "ebpf.network", "action": "drop"}, "network": {"transport": "tcp"}, "host": {"hostname": "semanticos-node", "os": {"platform": "linux", "family": "alpine"}}}
{"@timestamp": "2026-05-29T18:17:50.056699336Z", "event": {"kind": "event", "category": "network", "type": "denied", "dataset": "ebpf.network", "action": "drop"}, "network": {"transport": "tcp"}, "host": {"hostname": "semanticos-node", "os": {"platform": "linux", "family": "alpine"}}}
{"@timestamp": "2026-05-29T18:17:52.055110129Z", "event": {"kind": "event", "category": "network", "type": "denied", "dataset": "ebpf.network", "action": "drop"}, "network": {"transport": "tcp"}, "host": {"hostname": "semanticos-node", "os": {"platform": "linux", "family": "alpine"}}}
{"@timestamp": "2026-05-29T18:17:54.058125047Z", "event": {"kind": "event", "category": "network", "type": "denied", "dataset": "ebpf.network", "action": "drop"}, "network": {"transport": "tcp"}, "host": {"hostname": "semanticos-node", "os": {"platform": "linux", "family": "alpine"}}}
{"@timestamp": "2026-05-29T18:17:56.057611381Z", "event": {"kind": "event", "category": "network", "type": "denied", "dataset": "ebpf.network", "action": "drop"}, "network": {"transport": "tcp"}, "host": {"hostname": "semanticos-node", "os": {"platform": "linux", "family": "alpine"}}}
{"@timestamp": "2026-05-29T18:17:58.055570882Z", "event": {"kind": "event", "category": "network", "type": "denied", "dataset": "ebpf.network", "action": "drop"}, "network": {"transport": "tcp"}, "host": {"hostname": "semanticos-node", "os": {"platform": "linux", "family": "alpine"}}}
{"@timestamp": "2026-05-29T18:18:00.056099674Z", "event": {"kind": "event", "category": "network", "type": "denied", "dataset": "ebpf.network", "action": "drop"}, "network": {"transport": "tcp"}, "host": {"hostname": "semanticos-node", "os": {"platform": "linux", "family": "alpine"}}}
{"@timestamp": "2026-05-29T18:18:02.057692842Z", "event": {"kind": "event", "category": "network", "type": "denied", "dataset": "ebpf.network", "action": "drop"}, "network": {"transport": "tcp"}, "host": {"hostname": "semanticos-node", "os": {"platform": "linux", "family": "alpine"}}}
{"@timestamp": "2026-05-29T18:18:04.056859093Z", "event": {"kind": "event", "category": "network", "type": "denied", "dataset": "ebpf.network", "action": "drop"}, "network": {"transport": "tcp"}, "host": {"hostname": "semanticos-node", "os": {"platform": "linux", "family": "alpine"}}}
{"@timestamp": "2026-05-29T18:18:06.056116427Z", "event": {"kind": "event", "category": "network", "type": "denied", "dataset": "ebpf.network", "action": "drop"}, "network": {"transport": "tcp"}, "host": {"hostname": "semanticos-node", "os": {"platform": "linux", "family": "alpine"}}}
{"@timestamp": "2026-05-29T18:18:08.054162262Z", "event": {"kind": "event", "category": "network", "type": "denied", "dataset": "ebpf.network", "action": "drop"}, "network": {"transport": "tcp"}, "host": {"hostname": "semanticos-node", "os": {"platform": "linux", "family": "alpine"}}}
{"@timestamp": "2026-05-29T18:18:10.055120971Z", "event": {"kind": "event", "category": "network", "type": "denied", "dataset": "ebpf.network", "action": "drop"}, "network": {"transport": "tcp"}, "host": {"hostname": "semanticos-node", "os": {"platform": "linux", "family": "alpine"}}}
{"@timestamp": "2026-05-29T18:18:12.056171555Z", "event": {"kind": "event", "category": "network", "type": "denied", "dataset": "ebpf.network", "action": "drop"}, "network": {"transport": "tcp"}, "host": {"hostname": "semanticos-node", "os": {"platform": "linux", "family": "alpine"}}}
{"@timestamp": "2026-05-29T18:18:14.057353959Z", "event": {"kind": "event", "category": "network", "type": "denied", "dataset": "ebpf.network", "action": "drop"}, "network": {"transport": "tcp"}, "host": {"hostname": "semanticos-node", "os": {"platform": "linux", "family": "alpine"}}}
{"@timestamp": "2026-05-29T18:18:16.055439084Z", "event": {"kind": "event", "category": "network", "type": "denied", "dataset": "ebpf.network", "action": "drop"}, "network": {"transport": "tcp"}, "host": {"hostname": "semanticos-node", "os": {"platform": "linux", "family": "alpine"}}}
{"@timestamp": "2026-05-29T18:18:18.057184752Z", "event": {"kind": "event", "category": "network", "type": "denied", "dataset": "ebpf.network", "action": "drop"}, "network": {"transport": "tcp"}, "host": {"hostname": "semanticos-node", "os": {"platform": "linux", "family": "alpine"}}}
{"@timestamp": "2026-05-29T18:18:20.056259253Z", "event": {"kind": "event", "category": "network", "type": "denied", "dataset": "ebpf.network", "action": "drop"}, "network": {"transport": "tcp"}, "host": {"hostname": "semanticos-node", "os": {"platform": "linux", "family": "alpine"}}}
{"@timestamp": "2026-05-29T18:18:22.055469671Z", "event": {"kind": "event", "category": "network", "type": "denied", "dataset": "ebpf.network", "action": "drop"}, "network": {"transport": "tcp"}, "host": {"hostname": "semanticos-node", "os": {"platform": "linux", "family": "alpine"}}}
{"@timestamp": "2026-05-29T18:18:24.055452963Z", "event": {"kind": "event", "category": "network", "type": "denied", "dataset": "ebpf.network", "action": "drop"}, "network": {"transport": "tcp"}, "host": {"hostname": "semanticos-node", "os": {"platform": "linux", "family": "alpine"}}}
{"@timestamp": "2026-05-29T18:18:26.057149173Z", "event": {"kind": "event", "category": "network", "type": "denied", "dataset": "ebpf.network", "action": "drop"}, "network": {"transport": "tcp"}, "host": {"hostname": "semanticos-node", "os": {"platform": "linux", "family": "alpine"}}}
{"@timestamp": "2026-05-29T18:18:28.055465882Z", "event": {"kind": "event", "category": "network", "type": "denied", "dataset": "ebpf.network", "action": "drop"}, "network": {"transport": "tcp"}, "host": {"hostname": "semanticos-node", "os": {"platform": "linux", "family": "alpine"}}}
{"@timestamp": "2026-05-29T18:18:30.057548341Z", "event": {"kind": "event", "category": "network", "type": "denied", "dataset": "ebpf.network", "action": "drop"}, "network": {"transport": "tcp"}, "host": {"hostname": "semanticos-node", "os": {"platform": "linux", "family": "alpine"}}}
{"@timestamp": "2026-05-29T18:18:32.058010217Z", "event": {"kind": "event", "category": "network", "type": "denied", "dataset": "ebpf.network", "action": "drop"}, "network": {"transport": "tcp"}, "host": {"hostname": "semanticos-node", "os": {"platform": "linux", "family": "alpine"}}}
{"@timestamp": "2026-05-29T18:18:34.057214135Z", "event": {"kind": "event", "category": "network", "type": "denied", "dataset": "ebpf.network", "action": "drop"}, "network": {"transport": "tcp"}, "host": {"hostname": "semanticos-node", "os": {"platform": "linux", "family": "alpine"}}}
{"@timestamp": "2026-05-29T18:18:36.056116886Z", "event": {"kind": "event", "category": "network", "type": "denied", "dataset": "ebpf.network", "action": "drop"}, "network": {"transport": "tcp"}, "host": {"hostname": "semanticos-node", "os": {"platform": "linux", "family": "alpine"}}}
{"@timestamp": "2026-05-29T18:18:38.058349553Z", "event": {"kind": "event", "category": "network", "type": "denied", "dataset": "ebpf.network", "action": "drop"}, "network": {"transport": "tcp"}, "host": {"hostname": "semanticos-node", "os": {"platform": "linux", "family": "alpine"}}}
{"@timestamp": "2026-05-29T18:18:40.057178679Z", "event": {"kind": "event", "category": "network", "type": "denied", "dataset": "ebpf.network", "action": "drop"}, "network": {"transport": "tcp"}, "host": {"hostname": "semanticos-node", "os": {"platform": "linux", "family": "alpine"}}}
{"@timestamp": "2026-05-29T18:18:42.056726722Z", "event": {"kind": "event", "category": "network", "type": "denied", "dataset": "ebpf.network", "action": "drop"}, "network": {"transport": "tcp"}, "host": {"hostname": "semanticos-node", "os": {"platform": "linux", "family": "alpine"}}}
{"@timestamp": "2026-05-29T18:18:44.0544555Z", "event": {"kind": "event", "category": "network", "type": "denied", "dataset": "ebpf.network", "action": "drop"}, "network": {"transport": "tcp"}, "host": {"hostname": "semanticos-node", "os": {"platform": "linux", "family": "alpine"}}}
{"@timestamp": "2026-05-29T18:18:46.055317376Z", "event": {"kind": "event", "category": "network", "type": "denied", "dataset": "ebpf.network", "action": "drop"}, "network": {"transport": "tcp"}, "host": {"hostname": "semanticos-node", "os": {"platform": "linux", "family": "alpine"}}}
{"@timestamp": "2026-05-29T18:18:48.056489335Z", "event": {"kind": "event", "category": "network", "type": "denied", "dataset": "ebpf.network", "action": "drop"}, "network": {"transport": "tcp"}, "host": {"hostname": "semanticos-node", "os": {"platform": "linux", "family": "alpine"}}}
{"@timestamp": "2026-05-29T18:18:50.054063086Z", "event": {"kind": "event", "category": "network", "type": "denied", "dataset": "ebpf.network", "action": "drop"}, "network": {"transport": "tcp"}, "host": {"hostname": "semanticos-node", "os": {"platform": "linux", "family": "alpine"}}}
{"@timestamp": "2026-05-29T18:18:52.057572879Z", "event": {"kind": "event", "category": "network", "type": "denied", "dataset": "ebpf.network", "action": "drop"}, "network": {"transport": "tcp"}, "host": {"hostname": "semanticos-node", "os": {"platform": "linux", "family": "alpine"}}}
{"@timestamp": "2026-05-29T18:18:54.05541688Z", "event": {"kind": "event", "category": "network", "type": "denied", "dataset": "ebpf.network", "action": "drop"}, "network": {"transport": "tcp"}, "host": {"hostname": "semanticos-node", "os": {"platform": "linux", "family": "alpine"}}}
{"@timestamp": "2026-05-29T18:18:56.055805923Z", "event": {"kind": "event", "category": "network", "type": "denied", "dataset": "ebpf.network", "action": "drop"}, "network": {"transport": "tcp"}, "host": {"hostname": "semanticos-node", "os": {"platform": "linux", "family": "alpine"}}}
{"@timestamp": "2026-05-29T18:18:58.056999715Z", "event": {"kind": "event", "category": "network", "type": "denied", "dataset": "ebpf.network", "action": "drop"}, "network": {"transport": "tcp"}, "host": {"hostname": "semanticos-node", "os": {"platform": "linux", "family": "alpine"}}}
{"@timestamp": "2026-05-29T18:19:00.056500841Z", "event": {"kind": "event", "category": "network", "type": "denied", "dataset": "ebpf.network", "action": "drop"}, "network": {"transport": "tcp"}, "host": {"hostname": "semanticos-node", "os": {"platform": "linux", "family": "alpine"}}}
{"@timestamp": "2026-05-29T18:19:02.056253842Z", "event": {"kind": "event", "category": "network", "type": "denied", "dataset": "ebpf.network", "action": "drop"}, "network": {"transport": "tcp"}, "host": {"hostname": "semanticos-node", "os": {"platform": "linux", "family": "alpine"}}}
{"@timestamp": "2026-05-29T18:19:04.056821176Z", "event": {"kind": "event", "category": "network", "type": "denied", "dataset": "ebpf.network", "action": "drop"}, "network": {"transport": "tcp"}, "host": {"hostname": "semanticos-node", "os": {"platform": "linux", "family": "alpine"}}}
{"@timestamp": "2026-05-29T18:19:06.055280052Z", "event": {"kind": "event", "category": "network", "type": "denied", "dataset": "ebpf.network", "action": "drop"}, "network": {"transport": "tcp"}, "host": {"hostname": "semanticos-node", "os": {"platform": "linux", "family": "alpine"}}}
{"@timestamp": "2026-05-29T18:19:08.055751678Z", "event": {"kind": "event", "category": "network", "type": "denied", "dataset": "ebpf.network", "action": "drop"}, "network": {"transport": "tcp"}, "host": {"hostname": "semanticos-node", "os": {"platform": "linux", "family": "alpine"}}}
{"@timestamp": "2026-05-29T18:19:10.056558763Z", "event": {"kind": "event", "category": "network", "type": "denied", "dataset": "ebpf.network", "action": "drop"}, "network": {"transport": "tcp"}, "host": {"hostname": "semanticos-node", "os": {"platform": "linux", "family": "alpine"}}}
{"@timestamp": "2026-05-29T18:19:12.05662293Z", "event": {"kind": "event", "category": "network", "type": "denied", "dataset": "ebpf.network", "action": "drop"}, "network": {"transport": "tcp"}, "host": {"hostname": "semanticos-node", "os": {"platform": "linux", "family": "alpine"}}}
{"@timestamp": "2026-05-29T18:19:14.056190292Z", "event": {"kind": "event", "category": "network", "type": "denied", "dataset": "ebpf.network", "action": "drop"}, "network": {"transport": "tcp"}, "host": {"hostname": "semanticos-node", "os": {"platform": "linux", "family": "alpine"}}}
{"@timestamp": "2026-05-29T18:19:16.056986626Z", "event": {"kind": "event", "category": "network", "type": "denied", "dataset": "ebpf.network", "action": "drop"}, "network": {"transport": "tcp"}, "host": {"hostname": "semanticos-node", "os": {"platform": "linux", "family": "alpine"}}}
{"@timestamp": "2026-05-29T18:19:18.05581971Z", "event": {"kind": "event", "category": "network", "type": "denied", "dataset": "ebpf.network", "action": "drop"}, "network": {"transport": "tcp"}, "host": {"hostname": "semanticos-node", "os": {"platform": "linux", "family": "alpine"}}}
{"@timestamp": "2026-05-29T18:19:20.05683367Z", "event": {"kind": "event", "category": "network", "type": "denied", "dataset": "ebpf.network", "action": "drop"}, "network": {"transport": "tcp"}, "host": {"hostname": "semanticos-node", "os": {"platform": "linux", "family": "alpine"}}}
{"@timestamp": "2026-05-29T18:19:22.056599712Z", "event": {"kind": "event", "category": "network", "type": "denied", "dataset": "ebpf.network", "action": "drop"}, "network": {"transport": "tcp"}, "host": {"hostname": "semanticos-node", "os": {"platform": "linux", "family": "alpine"}}}
{"@timestamp": "2026-05-29T18:19:24.05593063Z", "event": {"kind": "event", "category": "network", "type": "denied", "dataset": "ebpf.network", "action": "drop"}, "network": {"transport": "tcp"}, "host": {"hostname": "semanticos-node", "os": {"platform": "linux", "family": "alpine"}}}
{"@timestamp": "2026-05-29T18:19:26.055528214Z", "event": {"kind": "event", "category": "network", "type": "denied", "dataset": "ebpf.network", "action": "drop"}, "network": {"transport": "tcp"}, "host": {"hostname": "semanticos-node", "os": {"platform": "linux", "family": "alpine"}}}
{"@timestamp": "2026-05-29T18:19:28.057424674Z", "event": {"kind": "event", "category": "network", "type": "denied", "dataset": "ebpf.network", "action": "drop"}, "network": {"transport": "tcp"}, "host": {"hostname": "semanticos-node", "os": {"platform": "linux", "family": "alpine"}}}
{"@timestamp": "2026-05-29T18:19:30.055048049Z", "event": {"kind": "event", "category": "network", "type": "denied", "dataset": "ebpf.network", "action": "drop"}, "network": {"transport": "tcp"}, "host": {"hostname": "semanticos-node", "os": {"platform": "linux", "family": "alpine"}}}
{"@timestamp": "2026-05-29T18:19:32.058143009Z", "event": {"kind": "event", "category": "network", "type": "denied", "dataset": "ebpf.network", "action": "drop"}, "network": {"transport": "tcp"}, "host": {"hostname": "semanticos-node", "os": {"platform": "linux", "family": "alpine"}}}
{"@timestamp": "2026-05-29T18:19:34.057796926Z", "event": {"kind": "event", "category": "network", "type": "denied", "dataset": "ebpf.network", "action": "drop"}, "network": {"transport": "tcp"}, "host": {"hostname": "semanticos-node", "os": {"platform": "linux", "family": "alpine"}}}
{"@timestamp": "2026-05-29T18:19:36.055944469Z", "event": {"kind": "event", "category": "network", "type": "denied", "dataset": "ebpf.network", "action": "drop"}, "network": {"transport": "tcp"}, "host": {"hostname": "semanticos-node", "os": {"platform": "linux", "family": "alpine"}}}
{"@timestamp": "2026-05-29T18:19:38.05702197Z", "event": {"kind": "event", "category": "network", "type": "denied", "dataset": "ebpf.network", "action": "drop"}, "network": {"transport": "tcp"}, "host": {"hostname": "semanticos-node", "os": {"platform": "linux", "family": "alpine"}}}
{"@timestamp": "2026-05-29T18:19:40.054934304Z", "event": {"kind": "event", "category": "network", "type": "denied", "dataset": "ebpf.network", "action": "drop"}, "network": {"transport": "tcp"}, "host": {"hostname": "semanticos-node", "os": {"platform": "linux", "family": "alpine"}}}
{"@timestamp": "2026-05-29T18:19:42.05652043Z", "event": {"kind": "event", "category": "network", "type": "denied", "dataset": "ebpf.network", "action": "drop"}, "network": {"transport": "tcp"}, "host": {"hostname": "semanticos-node", "os": {"platform": "linux", "family": "alpine"}}}
{"@timestamp": "2026-05-29T18:19:44.056830625Z", "event": {"kind": "event", "category": "network", "type": "denied", "dataset": "ebpf.network", "action": "drop"}, "network": {"transport": "tcp"}, "host": {"hostname": "semanticos-node", "os": {"platform": "linux", "family": "alpine"}}}
{"@timestamp": "2026-05-29T18:19:46.056341334Z", "event": {"kind": "event", "category": "network", "type": "denied", "dataset": "ebpf.network", "action": "drop"}, "network": {"transport": "tcp"}, "host": {"hostname": "semanticos-node", "os": {"platform": "linux", "family": "alpine"}}}
{"@timestamp": "2026-05-29T18:19:48.058103877Z", "event": {"kind": "event", "category": "network", "type": "denied", "dataset": "ebpf.network", "action": "drop"}, "network": {"transport": "tcp"}, "host": {"hostname": "semanticos-node", "os": {"platform": "linux", "family": "alpine"}}}
{"@timestamp": "2026-05-29T18:19:50.055510628Z", "event": {"kind": "event", "category": "network", "type": "denied", "dataset": "ebpf.network", "action": "drop"}, "network": {"transport": "tcp"}, "host": {"hostname": "semanticos-node", "os": {"platform": "linux", "family": "alpine"}}}
{"@timestamp": "2026-05-29T18:19:52.055253129Z", "event": {"kind": "event", "category": "network", "type": "denied", "dataset": "ebpf.network", "action": "drop"}, "network": {"transport": "tcp"}, "host": {"hostname": "semanticos-node", "os": {"platform": "linux", "family": "alpine"}}}
{"@timestamp": "2026-05-29T18:19:54.056197088Z", "event": {"kind": "event", "category": "network", "type": "denied", "dataset": "ebpf.network", "action": "drop"}, "network": {"transport": "tcp"}, "host": {"hostname": "semanticos-node", "os": {"platform": "linux", "family": "alpine"}}}
{"@timestamp": "2026-05-29T18:19:56.056258631Z", "event": {"kind": "event", "category": "network", "type": "denied", "dataset": "ebpf.network", "action": "drop"}, "network": {"transport": "tcp"}, "host": {"hostname": "semanticos-node", "os": {"platform": "linux", "family": "alpine"}}}
{"@timestamp": "2026-05-29T18:19:58.05888109Z", "event": {"kind": "event", "category": "network", "type": "denied", "dataset": "ebpf.network", "action": "drop"}, "network": {"transport": "tcp"}, "host": {"hostname": "semanticos-node", "os": {"platform": "linux", "family": "alpine"}}}
{"@timestamp": "2026-05-29T18:20:00.058108424Z", "event": {"kind": "event", "category": "network", "type": "denied", "dataset": "ebpf.network", "action": "drop"}, "network": {"transport": "tcp"}, "host": {"hostname": "semanticos-node", "os": {"platform": "linux", "family": "alpine"}}}
{"@timestamp": "2026-05-29T18:20:02.057846009Z", "event": {"kind": "event", "category": "network", "type": "denied", "dataset": "ebpf.network", "action": "drop"}, "network": {"transport": "tcp"}, "host": {"hostname": "semanticos-node", "os": {"platform": "linux", "family": "alpine"}}}
{"@timestamp": "2026-05-29T18:20:04.057236593Z", "event": {"kind": "event", "category": "network", "type": "denied", "dataset": "ebpf.network", "action": "drop"}, "network": {"transport": "tcp"}, "host": {"hostname": "semanticos-node", "os": {"platform": "linux", "family": "alpine"}}}
{"@timestamp": "2026-05-29T18:20:06.056241844Z", "event": {"kind": "event", "category": "network", "type": "denied", "dataset": "ebpf.network", "action": "drop"}, "network": {"transport": "tcp"}, "host": {"hostname": "semanticos-node", "os": {"platform": "linux", "family": "alpine"}}}
{"@timestamp": "2026-05-29T18:20:08.059014595Z", "event": {"kind": "event", "category": "network", "type": "denied", "dataset": "ebpf.network", "action": "drop"}, "network": {"transport": "tcp"}, "host": {"hostname": "semanticos-node", "os": {"platform": "linux", "family": "alpine"}}}
{"@timestamp": "2026-05-29T18:20:10.056202763Z", "event": {"kind": "event", "category": "network", "type": "denied", "dataset": "ebpf.network", "action": "drop"}, "network": {"transport": "tcp"}, "host": {"hostname": "semanticos-node", "os": {"platform": "linux", "family": "alpine"}}}
{"@timestamp": "2026-05-29T18:20:12.058342972Z", "event": {"kind": "event", "category": "network", "type": "denied", "dataset": "ebpf.network", "action": "drop"}, "network": {"transport": "tcp"}, "host": {"hostname": "semanticos-node", "os": {"platform": "linux", "family": "alpine"}}}
{"@timestamp": "2026-05-29T18:20:14.054620083Z", "event": {"kind": "event", "category": "network", "type": "denied", "dataset": "ebpf.network", "action": "drop"}, "network": {"transport": "tcp"}, "host": {"hostname": "semanticos-node", "os": {"platform": "linux", "family": "alpine"}}}
{"@timestamp": "2026-05-29T18:20:16.055209668Z", "event": {"kind": "event", "category": "network", "type": "denied", "dataset": "ebpf.network", "action": "drop"}, "network": {"transport": "tcp"}, "host": {"hostname": "semanticos-node", "os": {"platform": "linux", "family": "alpine"}}}
{"@timestamp": "2026-05-29T18:20:18.05286196Z", "event": {"kind": "event", "category": "network", "type": "denied", "dataset": "ebpf.network", "action": "drop"}, "network": {"transport": "tcp"}, "host": {"hostname": "semanticos-node", "os": {"platform": "linux", "family": "alpine"}}}
{"@timestamp": "2026-05-29T18:20:20.053526128Z", "event": {"kind": "event", "category": "network", "type": "denied", "dataset": "ebpf.network", "action": "drop"}, "network": {"transport": "tcp"}, "host": {"hostname": "semanticos-node", "os": {"platform": "linux", "family": "alpine"}}}
{"@timestamp": "2026-05-29T18:20:22.054119962Z", "event": {"kind": "event", "category": "network", "type": "denied", "dataset": "ebpf.network", "action": "drop"}, "network": {"transport": "tcp"}, "host": {"hostname": "semanticos-node", "os": {"platform": "linux", "family": "alpine"}}}
{"@timestamp": "2026-05-29T18:20:24.056274713Z", "event": {"kind": "event", "category": "network", "type": "denied", "dataset": "ebpf.network", "action": "drop"}, "network": {"transport": "tcp"}, "host": {"hostname": "semanticos-node", "os": {"platform": "linux", "family": "alpine"}}}
{"@timestamp": "2026-05-29T18:20:26.054706714Z", "event": {"kind": "event", "category": "network", "type": "denied", "dataset": "ebpf.network", "action": "drop"}, "network": {"transport": "tcp"}, "host": {"hostname": "semanticos-node", "os": {"platform": "linux", "family": "alpine"}}}
{"@timestamp": "2026-05-29T18:20:28.05509384Z", "event": {"kind": "event", "category": "network", "type": "denied", "dataset": "ebpf.network", "action": "drop"}, "network": {"transport": "tcp"}, "host": {"hostname": "semanticos-node", "os": {"platform": "linux", "family": "alpine"}}}
{"@timestamp": "2026-05-29T18:20:30.052533424Z", "event": {"kind": "event", "category": "network", "type": "denied", "dataset": "ebpf.network", "action": "drop"}, "network": {"transport": "tcp"}, "host": {"hostname": "semanticos-node", "os": {"platform": "linux", "family": "alpine"}}}
{"@timestamp": "2026-05-29T18:20:32.055432592Z", "event": {"kind": "event", "category": "network", "type": "denied", "dataset": "ebpf.network", "action": "drop"}, "network": {"transport": "tcp"}, "host": {"hostname": "semanticos-node", "os": {"platform": "linux", "family": "alpine"}}}
{"@timestamp": "2026-05-29T18:20:34.054453051Z", "event": {"kind": "event", "category": "network", "type": "denied", "dataset": "ebpf.network", "action": "drop"}, "network": {"transport": "tcp"}, "host": {"hostname": "semanticos-node", "os": {"platform": "linux", "family": "alpine"}}}
{"@timestamp": "2026-05-29T18:20:36.055684552Z", "event": {"kind": "event", "category": "network", "type": "denied", "dataset": "ebpf.network", "action": "drop"}, "network": {"transport": "tcp"}, "host": {"hostname": "semanticos-node", "os": {"platform": "linux", "family": "alpine"}}}
{"@timestamp": "2026-05-29T18:20:38.054163887Z", "event": {"kind": "event", "category": "network", "type": "denied", "dataset": "ebpf.network", "action": "drop"}, "network": {"transport": "tcp"}, "host": {"hostname": "semanticos-node", "os": {"platform": "linux", "family": "alpine"}}}
{"@timestamp": "2026-05-29T18:20:40.055636804Z", "event": {"kind": "event", "category": "network", "type": "denied", "dataset": "ebpf.network", "action": "drop"}, "network": {"transport": "tcp"}, "host": {"hostname": "semanticos-node", "os": {"platform": "linux", "family": "alpine"}}}
{"@timestamp": "2026-05-29T18:20:42.055215389Z", "event": {"kind": "event", "category": "network", "type": "denied", "dataset": "ebpf.network", "action": "drop"}, "network": {"transport": "tcp"}, "host": {"hostname": "semanticos-node", "os": {"platform": "linux", "family": "alpine"}}}
{"@timestamp": "2026-05-29T18:20:44.0591215Z", "event": {"kind": "event", "category": "network", "type": "denied", "dataset": "ebpf.network", "action": "drop"}, "network": {"transport": "tcp"}, "host": {"hostname": "semanticos-node", "os": {"platform": "linux", "family": "alpine"}}}
{"@timestamp": "2026-05-29T18:20:46.056201793Z", "event": {"kind": "event", "category": "network", "type": "denied", "dataset": "ebpf.network", "action": "drop"}, "network": {"transport": "tcp"}, "host": {"hostname": "semanticos-node", "os": {"platform": "linux", "family": "alpine"}}}
{"@timestamp": "2026-05-29T18:20:48.05515871Z", "event": {"kind": "event", "category": "network", "type": "denied", "dataset": "ebpf.network", "action": "drop"}, "network": {"transport": "tcp"}, "host": {"hostname": "semanticos-node", "os": {"platform": "linux", "family": "alpine"}}}
{"@timestamp": "2026-05-29T18:20:50.057668128Z", "event": {"kind": "event", "category": "network", "type": "denied", "dataset": "ebpf.network", "action": "drop"}, "network": {"transport": "tcp"}, "host": {"hostname": "semanticos-node", "os": {"platform": "linux", "family": "alpine"}}}
{"@timestamp": "2026-05-29T18:20:52.056415296Z", "event": {"kind": "event", "category": "network", "type": "denied", "dataset": "ebpf.network", "action": "drop"}, "network": {"transport": "tcp"}, "host": {"hostname": "semanticos-node", "os": {"platform": "linux", "family": "alpine"}}}
{"@timestamp": "2026-05-29T18:20:54.058621755Z", "event": {"kind": "event", "category": "network", "type": "denied", "dataset": "ebpf.network", "action": "drop"}, "network": {"transport": "tcp"}, "host": {"hostname": "semanticos-node", "os": {"platform": "linux", "family": "alpine"}}}
{"@timestamp": "2026-05-29T18:20:56.057451339Z", "event": {"kind": "event", "category": "network", "type": "denied", "dataset": "ebpf.network", "action": "drop"}, "network": {"transport": "tcp"}, "host": {"hostname": "semanticos-node", "os": {"platform": "linux", "family": "alpine"}}}
{"@timestamp": "2026-05-29T18:20:58.059674215Z", "event": {"kind": "event", "category": "network", "type": "denied", "dataset": "ebpf.network", "action": "drop"}, "network": {"transport": "tcp"}, "host": {"hostname": "semanticos-node", "os": {"platform": "linux", "family": "alpine"}}}
{"@timestamp": "2026-05-29T18:21:00.057921424Z", "event": {"kind": "event", "category": "network", "type": "denied", "dataset": "ebpf.network", "action": "drop"}, "network": {"transport": "tcp"}, "host": {"hostname": "semanticos-node", "os": {"platform": "linux", "family": "alpine"}}}
{"@timestamp": "2026-05-29T18:21:02.057556384Z", "event": {"kind": "event", "category": "network", "type": "denied", "dataset": "ebpf.network", "action": "drop"}, "network": {"transport": "tcp"}, "host": {"hostname": "semanticos-node", "os": {"platform": "linux", "family": "alpine"}}}
{"@timestamp": "2026-05-29T18:21:04.05780351Z", "event": {"kind": "event", "category": "network", "type": "denied", "dataset": "ebpf.network", "action": "drop"}, "network": {"transport": "tcp"}, "host": {"hostname": "semanticos-node", "os": {"platform": "linux", "family": "alpine"}}}
{"@timestamp": "2026-05-29T18:21:06.057484552Z", "event": {"kind": "event", "category": "network", "type": "denied", "dataset": "ebpf.network", "action": "drop"}, "network": {"transport": "tcp"}, "host": {"hostname": "semanticos-node", "os": {"platform": "linux", "family": "alpine"}}}
{"@timestamp": "2026-05-29T18:21:08.056790845Z", "event": {"kind": "event", "category": "network", "type": "denied", "dataset": "ebpf.network", "action": "drop"}, "network": {"transport": "tcp"}, "host": {"hostname": "semanticos-node", "os": {"platform": "linux", "family": "alpine"}}}
{"@timestamp": "2026-05-29T18:21:10.058498846Z", "event": {"kind": "event", "category": "network", "type": "denied", "dataset": "ebpf.network", "action": "drop"}, "network": {"transport": "tcp"}, "host": {"hostname": "semanticos-node", "os": {"platform": "linux", "family": "alpine"}}}
{"@timestamp": "2026-05-29T18:21:12.057661847Z", "event": {"kind": "event", "category": "network", "type": "denied", "dataset": "ebpf.network", "action": "drop"}, "network": {"transport": "tcp"}, "host": {"hostname": "semanticos-node", "os": {"platform": "linux", "family": "alpine"}}}
{"@timestamp": "2026-05-29T18:21:14.056041958Z", "event": {"kind": "event", "category": "network", "type": "denied", "dataset": "ebpf.network", "action": "drop"}, "network": {"transport": "tcp"}, "host": {"hostname": "semanticos-node", "os": {"platform": "linux", "family": "alpine"}}}
{"@timestamp": "2026-05-29T18:21:16.053655626Z", "event": {"kind": "event", "category": "network", "type": "denied", "dataset": "ebpf.network", "action": "drop"}, "network": {"transport": "tcp"}, "host": {"hostname": "semanticos-node", "os": {"platform": "linux", "family": "alpine"}}}
{"@timestamp": "2026-05-29T18:21:18.056369502Z", "event": {"kind": "event", "category": "network", "type": "denied", "dataset": "ebpf.network", "action": "drop"}, "network": {"transport": "tcp"}, "host": {"hostname": "semanticos-node", "os": {"platform": "linux", "family": "alpine"}}}
{"@timestamp": "2026-05-29T18:21:20.054942378Z", "event": {"kind": "event", "category": "network", "type": "denied", "dataset": "ebpf.network", "action": "drop"}, "network": {"transport": "tcp"}, "host": {"hostname": "semanticos-node", "os": {"platform": "linux", "family": "alpine"}}}
{"@timestamp": "2026-05-29T18:21:22.055858254Z", "event": {"kind": "event", "category": "network", "type": "denied", "dataset": "ebpf.network", "action": "drop"}, "network": {"transport": "tcp"}, "host": {"hostname": "semanticos-node", "os": {"platform": "linux", "family": "alpine"}}}
{"@timestamp": "2026-05-29T18:21:24.056894422Z", "event": {"kind": "event", "category": "network", "type": "denied", "dataset": "ebpf.network", "action": "drop"}, "network": {"transport": "tcp"}, "host": {"hostname": "semanticos-node", "os": {"platform": "linux", "family": "alpine"}}}
{"@timestamp": "2026-05-29T18:21:26.069581631Z", "event": {"kind": "event", "category": "network", "type": "denied", "dataset": "ebpf.network", "action": "drop"}, "network": {"transport": "tcp"}, "host": {"hostname": "semanticos-node", "os": {"platform": "linux", "family": "alpine"}}}
{"@timestamp": "2026-05-29T18:21:28.055065257Z", "event": {"kind": "event", "category": "network", "type": "denied", "dataset": "ebpf.network", "action": "drop"}, "network": {"transport": "tcp"}, "host": {"hostname": "semanticos-node", "os": {"platform": "linux", "family": "alpine"}}}
{"@timestamp": "2026-05-29T18:21:30.056959883Z", "event": {"kind": "event", "category": "network", "type": "denied", "dataset": "ebpf.network", "action": "drop"}, "network": {"transport": "tcp"}, "host": {"hostname": "semanticos-node", "os": {"platform": "linux", "family": "alpine"}}}
{"@timestamp": "2026-05-29T18:21:32.0570838Z", "event": {"kind": "event", "category": "network", "type": "denied", "dataset": "ebpf.network", "action": "drop"}, "network": {"transport": "tcp"}, "host": {"hostname": "semanticos-node", "os": {"platform": "linux", "family": "alpine"}}}
{"@timestamp": "2026-05-29T18:21:34.059732968Z", "event": {"kind": "event", "category": "network", "type": "denied", "dataset": "ebpf.network", "action": "drop"}, "network": {"transport": "tcp"}, "host": {"hostname": "semanticos-node", "os": {"platform": "linux", "family": "alpine"}}}
{"@timestamp": "2026-05-29T18:21:36.056841886Z", "event": {"kind": "event", "category": "network", "type": "denied", "dataset": "ebpf.network", "action": "drop"}, "network": {"transport": "tcp"}, "host": {"hostname": "semanticos-node", "os": {"platform": "linux", "family": "alpine"}}}
{"@timestamp": "2026-05-29T18:21:38.05591022Z", "event": {"kind": "event", "category": "network", "type": "denied", "dataset": "ebpf.network", "action": "drop"}, "network": {"transport": "tcp"}, "host": {"hostname": "semanticos-node", "os": {"platform": "linux", "family": "alpine"}}}
{"@timestamp": "2026-05-29T18:21:40.054896971Z", "event": {"kind": "event", "category": "network", "type": "denied", "dataset": "ebpf.network", "action": "drop"}, "network": {"transport": "tcp"}, "host": {"hostname": "semanticos-node", "os": {"platform": "linux", "family": "alpine"}}}
{"@timestamp": "2026-05-29T18:21:42.055148389Z", "event": {"kind": "event", "category": "network", "type": "denied", "dataset": "ebpf.network", "action": "drop"}, "network": {"transport": "tcp"}, "host": {"hostname": "semanticos-node", "os": {"platform": "linux", "family": "alpine"}}}
{"@timestamp": "2026-05-29T18:21:44.057697333Z", "event": {"kind": "event", "category": "network", "type": "denied", "dataset": "ebpf.network", "action": "drop"}, "network": {"transport": "tcp"}, "host": {"hostname": "semanticos-node", "os": {"platform": "linux", "family": "alpine"}}}
{"@timestamp": "2026-05-29T18:21:46.057834209Z", "event": {"kind": "event", "category": "network", "type": "denied", "dataset": "ebpf.network", "action": "drop"}, "network": {"transport": "tcp"}, "host": {"hostname": "semanticos-node", "os": {"platform": "linux", "family": "alpine"}}}
{"@timestamp": "2026-05-29T18:21:48.058259085Z", "event": {"kind": "event", "category": "network", "type": "denied", "dataset": "ebpf.network", "action": "drop"}, "network": {"transport": "tcp"}, "host": {"hostname": "semanticos-node", "os": {"platform": "linux", "family": "alpine"}}}
{"@timestamp": "2026-05-29T18:21:50.056960128Z", "event": {"kind": "event", "category": "network", "type": "denied", "dataset": "ebpf.network", "action": "drop"}, "network": {"transport": "tcp"}, "host": {"hostname": "semanticos-node", "os": {"platform": "linux", "family": "alpine"}}}
{"@timestamp": "2026-05-29T18:21:52.056472796Z", "event": {"kind": "event", "category": "network", "type": "denied", "dataset": "ebpf.network", "action": "drop"}, "network": {"transport": "tcp"}, "host": {"hostname": "semanticos-node", "os": {"platform": "linux", "family": "alpine"}}}
{"@timestamp": "2026-05-29T18:21:54.058283463Z", "event": {"kind": "event", "category": "network", "type": "denied", "dataset": "ebpf.network", "action": "drop"}, "network": {"transport": "tcp"}, "host": {"hostname": "semanticos-node", "os": {"platform": "linux", "family": "alpine"}}}
{"@timestamp": "2026-05-29T18:21:56.057798089Z", "event": {"kind": "event", "category": "network", "type": "denied", "dataset": "ebpf.network", "action": "drop"}, "network": {"transport": "tcp"}, "host": {"hostname": "semanticos-node", "os": {"platform": "linux", "family": "alpine"}}}
{"@timestamp": "2026-05-29T18:21:58.05997134Z", "event": {"kind": "event", "category": "network", "type": "denied", "dataset": "ebpf.network", "action": "drop"}, "network": {"transport": "tcp"}, "host": {"hostname": "semanticos-node", "os": {"platform": "linux", "family": "alpine"}}}
{"@timestamp": "2026-05-29T18:22:00.056936549Z", "event": {"kind": "event", "category": "network", "type": "denied", "dataset": "ebpf.network", "action": "drop"}, "network": {"transport": "tcp"}, "host": {"hostname": "semanticos-node", "os": {"platform": "linux", "family": "alpine"}}}
{"@timestamp": "2026-05-29T18:22:02.058093967Z", "event": {"kind": "event", "category": "network", "type": "denied", "dataset": "ebpf.network", "action": "drop"}, "network": {"transport": "tcp"}, "host": {"hostname": "semanticos-node", "os": {"platform": "linux", "family": "alpine"}}}
{"@timestamp": "2026-05-29T18:22:04.056333968Z", "event": {"kind": "event", "category": "network", "type": "denied", "dataset": "ebpf.network", "action": "drop"}, "network": {"transport": "tcp"}, "host": {"hostname": "semanticos-node", "os": {"platform": "linux", "family": "alpine"}}}
{"@timestamp": "2026-05-29T18:22:06.059141719Z", "event": {"kind": "event", "category": "network", "type": "denied", "dataset": "ebpf.network", "action": "drop"}, "network": {"transport": "tcp"}, "host": {"hostname": "semanticos-node", "os": {"platform": "linux", "family": "alpine"}}}
{"@timestamp": "2026-05-29T18:22:08.058440303Z", "event": {"kind": "event", "category": "network", "type": "denied", "dataset": "ebpf.network", "action": "drop"}, "network": {"transport": "tcp"}, "host": {"hostname": "semanticos-node", "os": {"platform": "linux", "family": "alpine"}}}
{"@timestamp": "2026-05-29T18:22:10.058085846Z", "event": {"kind": "event", "category": "network", "type": "denied", "dataset": "ebpf.network", "action": "drop"}, "network": {"transport": "tcp"}, "host": {"hostname": "semanticos-node", "os": {"platform": "linux", "family": "alpine"}}}
{"@timestamp": "2026-05-29T18:22:12.058843347Z", "event": {"kind": "event", "category": "network", "type": "denied", "dataset": "ebpf.network", "action": "drop"}, "network": {"transport": "tcp"}, "host": {"hostname": "semanticos-node", "os": {"platform": "linux", "family": "alpine"}}}
{"@timestamp": "2026-05-29T18:22:14.055863375Z", "event": {"kind": "event", "category": "network", "type": "denied", "dataset": "ebpf.network", "action": "drop"}, "network": {"transport": "tcp"}, "host": {"hostname": "semanticos-node", "os": {"platform": "linux", "family": "alpine"}}}
{"@timestamp": "2026-05-29T18:22:16.057472959Z", "event": {"kind": "event", "category": "network", "type": "denied", "dataset": "ebpf.network", "action": "drop"}, "network": {"transport": "tcp"}, "host": {"hostname": "semanticos-node", "os": {"platform": "linux", "family": "alpine"}}}
{"@timestamp": "2026-05-29T18:22:18.055665544Z", "event": {"kind": "event", "category": "network", "type": "denied", "dataset": "ebpf.network", "action": "drop"}, "network": {"transport": "tcp"}, "host": {"hostname": "semanticos-node", "os": {"platform": "linux", "family": "alpine"}}}
{"@timestamp": "2026-05-29T18:22:20.056143211Z", "event": {"kind": "event", "category": "network", "type": "denied", "dataset": "ebpf.network", "action": "drop"}, "network": {"transport": "tcp"}, "host": {"hostname": "semanticos-node", "os": {"platform": "linux", "family": "alpine"}}}
{"@timestamp": "2026-05-29T18:22:22.056692254Z", "event": {"kind": "event", "category": "network", "type": "denied", "dataset": "ebpf.network", "action": "drop"}, "network": {"transport": "tcp"}, "host": {"hostname": "semanticos-node", "os": {"platform": "linux", "family": "alpine"}}}
{"@timestamp": "2026-05-29T18:22:24.056872172Z", "event": {"kind": "event", "category": "network", "type": "denied", "dataset": "ebpf.network", "action": "drop"}, "network": {"transport": "tcp"}, "host": {"hostname": "semanticos-node", "os": {"platform": "linux", "family": "alpine"}}}
{"@timestamp": "2026-05-29T18:22:26.056731298Z", "event": {"kind": "event", "category": "network", "type": "denied", "dataset": "ebpf.network", "action": "drop"}, "network": {"transport": "tcp"}, "host": {"hostname": "semanticos-node", "os": {"platform": "linux", "family": "alpine"}}}
{"@timestamp": "2026-05-29T18:22:28.057645965Z", "event": {"kind": "event", "category": "network", "type": "denied", "dataset": "ebpf.network", "action": "drop"}, "network": {"transport": "tcp"}, "host": {"hostname": "semanticos-node", "os": {"platform": "linux", "family": "alpine"}}}
{"@timestamp": "2026-05-29T18:22:30.057379966Z", "event": {"kind": "event", "category": "network", "type": "denied", "dataset": "ebpf.network", "action": "drop"}, "network": {"transport": "tcp"}, "host": {"hostname": "semanticos-node", "os": {"platform": "linux", "family": "alpine"}}}
{"@timestamp": "2026-05-29T18:22:32.057243467Z", "event": {"kind": "event", "category": "network", "type": "denied", "dataset": "ebpf.network", "action": "drop"}, "network": {"transport": "tcp"}, "host": {"hostname": "semanticos-node", "os": {"platform": "linux", "family": "alpine"}}}
{"@timestamp": "2026-05-29T18:22:34.05778801Z", "event": {"kind": "event", "category": "network", "type": "denied", "dataset": "ebpf.network", "action": "drop"}, "network": {"transport": "tcp"}, "host": {"hostname": "semanticos-node", "os": {"platform": "linux", "family": "alpine"}}}
{"@timestamp": "2026-05-29T18:22:36.056896052Z", "event": {"kind": "event", "category": "network", "type": "denied", "dataset": "ebpf.network", "action": "drop"}, "network": {"transport": "tcp"}, "host": {"hostname": "semanticos-node", "os": {"platform": "linux", "family": "alpine"}}}
{"@timestamp": "2026-05-29T18:22:38.056479887Z", "event": {"kind": "event", "category": "network", "type": "denied", "dataset": "ebpf.network", "action": "drop"}, "network": {"transport": "tcp"}, "host": {"hostname": "semanticos-node", "os": {"platform": "linux", "family": "alpine"}}}
{"@timestamp": "2026-05-29T18:22:40.058633929Z", "event": {"kind": "event", "category": "network", "type": "denied", "dataset": "ebpf.network", "action": "drop"}, "network": {"transport": "tcp"}, "host": {"hostname": "semanticos-node", "os": {"platform": "linux", "family": "alpine"}}}
{"@timestamp": "2026-05-29T18:22:42.056783722Z", "event": {"kind": "event", "category": "network", "type": "denied", "dataset": "ebpf.network", "action": "drop"}, "network": {"transport": "tcp"}, "host": {"hostname": "semanticos-node", "os": {"platform": "linux", "family": "alpine"}}}
{"@timestamp": "2026-05-29T18:22:44.05909825Z", "event": {"kind": "event", "category": "network", "type": "denied", "dataset": "ebpf.network", "action": "drop"}, "network": {"transport": "tcp"}, "host": {"hostname": "semanticos-node", "os": {"platform": "linux", "family": "alpine"}}}
{"@timestamp": "2026-05-29T18:22:46.056935834Z", "event": {"kind": "event", "category": "network", "type": "denied", "dataset": "ebpf.network", "action": "drop"}, "network": {"transport": "tcp"}, "host": {"hostname": "semanticos-node", "os": {"platform": "linux", "family": "alpine"}}}
{"@timestamp": "2026-05-29T18:22:48.058400169Z", "event": {"kind": "event", "category": "network", "type": "denied", "dataset": "ebpf.network", "action": "drop"}, "network": {"transport": "tcp"}, "host": {"hostname": "semanticos-node", "os": {"platform": "linux", "family": "alpine"}}}
{"@timestamp": "2026-05-29T18:22:50.057665003Z", "event": {"kind": "event", "category": "network", "type": "denied", "dataset": "ebpf.network", "action": "drop"}, "network": {"transport": "tcp"}, "host": {"hostname": "semanticos-node", "os": {"platform": "linux", "family": "alpine"}}}
{"@timestamp": "2026-05-29T18:22:52.058276337Z", "event": {"kind": "event", "category": "network", "type": "denied", "dataset": "ebpf.network", "action": "drop"}, "network": {"transport": "tcp"}, "host": {"hostname": "semanticos-node", "os": {"platform": "linux", "family": "alpine"}}}
{"@timestamp": "2026-05-29T18:22:54.057918713Z", "event": {"kind": "event", "category": "network", "type": "denied", "dataset": "ebpf.network", "action": "drop"}, "network": {"transport": "tcp"}, "host": {"hostname": "semanticos-node", "os": {"platform": "linux", "family": "alpine"}}}
{"@timestamp": "2026-05-29T18:22:56.055446381Z", "event": {"kind": "event", "category": "network", "type": "denied", "dataset": "ebpf.network", "action": "drop"}, "network": {"transport": "tcp"}, "host": {"hostname": "semanticos-node", "os": {"platform": "linux", "family": "alpine"}}}
{"@timestamp": "2026-05-29T18:22:58.058825257Z", "event": {"kind": "event", "category": "network", "type": "denied", "dataset": "ebpf.network", "action": "drop"}, "network": {"transport": "tcp"}, "host": {"hostname": "semanticos-node", "os": {"platform": "linux", "family": "alpine"}}}
{"@timestamp": "2026-05-29T18:23:00.058359008Z", "event": {"kind": "event", "category": "network", "type": "denied", "dataset": "ebpf.network", "action": "drop"}, "network": {"transport": "tcp"}, "host": {"hostname": "semanticos-node", "os": {"platform": "linux", "family": "alpine"}}}
{"@timestamp": "2026-05-29T18:23:02.058590592Z", "event": {"kind": "event", "category": "network", "type": "denied", "dataset": "ebpf.network", "action": "drop"}, "network": {"transport": "tcp"}, "host": {"hostname": "semanticos-node", "os": {"platform": "linux", "family": "alpine"}}}
{"@timestamp": "2026-05-29T18:23:04.05568051Z", "event": {"kind": "event", "category": "network", "type": "denied", "dataset": "ebpf.network", "action": "drop"}, "network": {"transport": "tcp"}, "host": {"hostname": "semanticos-node", "os": {"platform": "linux", "family": "alpine"}}}
{"@timestamp": "2026-05-29T18:23:06.056932677Z", "event": {"kind": "event", "category": "network", "type": "denied", "dataset": "ebpf.network", "action": "drop"}, "network": {"transport": "tcp"}, "host": {"hostname": "semanticos-node", "os": {"platform": "linux", "family": "alpine"}}}
{"@timestamp": "2026-05-29T18:23:08.057644303Z", "event": {"kind": "event", "category": "network", "type": "denied", "dataset": "ebpf.network", "action": "drop"}, "network": {"transport": "tcp"}, "host": {"hostname": "semanticos-node", "os": {"platform": "linux", "family": "alpine"}}}
{"@timestamp": "2026-05-29T18:23:10.055817138Z", "event": {"kind": "event", "category": "network", "type": "denied", "dataset": "ebpf.network", "action": "drop"}, "network": {"transport": "tcp"}, "host": {"hostname": "semanticos-node", "os": {"platform": "linux", "family": "alpine"}}}
{"@timestamp": "2026-05-29T18:23:12.056107222Z", "event": {"kind": "event", "category": "network", "type": "denied", "dataset": "ebpf.network", "action": "drop"}, "network": {"transport": "tcp"}, "host": {"hostname": "semanticos-node", "os": {"platform": "linux", "family": "alpine"}}}
{"@timestamp": "2026-05-29T18:23:14.058781083Z", "event": {"kind": "event", "category": "network", "type": "denied", "dataset": "ebpf.network", "action": "drop"}, "network": {"transport": "tcp"}, "host": {"hostname": "semanticos-node", "os": {"platform": "linux", "family": "alpine"}}}
{"@timestamp": "2026-05-29T18:23:16.059152834Z", "event": {"kind": "event", "category": "network", "type": "denied", "dataset": "ebpf.network", "action": "drop"}, "network": {"transport": "tcp"}, "host": {"hostname": "semanticos-node", "os": {"platform": "linux", "family": "alpine"}}}
{"@timestamp": "2026-05-29T18:23:18.060572877Z", "event": {"kind": "event", "category": "network", "type": "denied", "dataset": "ebpf.network", "action": "drop"}, "network": {"transport": "tcp"}, "host": {"hostname": "semanticos-node", "os": {"platform": "linux", "family": "alpine"}}}
{"@timestamp": "2026-05-29T18:23:20.059669295Z", "event": {"kind": "event", "category": "network", "type": "denied", "dataset": "ebpf.network", "action": "drop"}, "network": {"transport": "tcp"}, "host": {"hostname": "semanticos-node", "os": {"platform": "linux", "family": "alpine"}}}
{"@timestamp": "2026-05-29T18:23:22.057129837Z", "event": {"kind": "event", "category": "network", "type": "denied", "dataset": "ebpf.network", "action": "drop"}, "network": {"transport": "tcp"}, "host": {"hostname": "semanticos-node", "os": {"platform": "linux", "family": "alpine"}}}
{"@timestamp": "2026-05-29T18:23:24.06029963Z", "event": {"kind": "event", "category": "network", "type": "denied", "dataset": "ebpf.network", "action": "drop"}, "network": {"transport": "tcp"}, "host": {"hostname": "semanticos-node", "os": {"platform": "linux", "family": "alpine"}}}
{"@timestamp": "2026-05-29T18:23:26.058709964Z", "event": {"kind": "event", "category": "network", "type": "denied", "dataset": "ebpf.network", "action": "drop"}, "network": {"transport": "tcp"}, "host": {"hostname": "semanticos-node", "os": {"platform": "linux", "family": "alpine"}}}
{"@timestamp": "2026-05-29T18:23:28.059760215Z", "event": {"kind": "event", "category": "network", "type": "denied", "dataset": "ebpf.network", "action": "drop"}, "network": {"transport": "tcp"}, "host": {"hostname": "semanticos-node", "os": {"platform": "linux", "family": "alpine"}}}
{"@timestamp": "2026-05-29T18:23:30.058495174Z", "event": {"kind": "event", "category": "network", "type": "denied", "dataset": "ebpf.network", "action": "drop"}, "network": {"transport": "tcp"}, "host": {"hostname": "semanticos-node", "os": {"platform": "linux", "family": "alpine"}}}
{"@timestamp": "2026-05-29T18:23:32.059497967Z", "event": {"kind": "event", "category": "network", "type": "denied", "dataset": "ebpf.network", "action": "drop"}, "network": {"transport": "tcp"}, "host": {"hostname": "semanticos-node", "os": {"platform": "linux", "family": "alpine"}}}
{"@timestamp": "2026-05-29T18:23:34.05837001Z", "event": {"kind": "event", "category": "network", "type": "denied", "dataset": "ebpf.network", "action": "drop"}, "network": {"transport": "tcp"}, "host": {"hostname": "semanticos-node", "os": {"platform": "linux", "family": "alpine"}}}
{"@timestamp": "2026-05-29T18:23:36.057633719Z", "event": {"kind": "event", "category": "network", "type": "denied", "dataset": "ebpf.network", "action": "drop"}, "network": {"transport": "tcp"}, "host": {"hostname": "semanticos-node", "os": {"platform": "linux", "family": "alpine"}}}
{"@timestamp": "2026-05-29T18:23:38.059516137Z", "event": {"kind": "event", "category": "network", "type": "denied", "dataset": "ebpf.network", "action": "drop"}, "network": {"transport": "tcp"}, "host": {"hostname": "semanticos-node", "os": {"platform": "linux", "family": "alpine"}}}
{"@timestamp": "2026-05-29T18:23:40.059067888Z", "event": {"kind": "event", "category": "network", "type": "denied", "dataset": "ebpf.network", "action": "drop"}, "network": {"transport": "tcp"}, "host": {"hostname": "semanticos-node", "os": {"platform": "linux", "family": "alpine"}}}
{"@timestamp": "2026-05-29T18:23:42.060416972Z", "event": {"kind": "event", "category": "network", "type": "denied", "dataset": "ebpf.network", "action": "drop"}, "network": {"transport": "tcp"}, "host": {"hostname": "semanticos-node", "os": {"platform": "linux", "family": "alpine"}}}
{"@timestamp": "2026-05-29T18:23:44.061809833Z", "event": {"kind": "event", "category": "network", "type": "denied", "dataset": "ebpf.network", "action": "drop"}, "network": {"transport": "tcp"}, "host": {"hostname": "semanticos-node", "os": {"platform": "linux", "family": "alpine"}}}
{"@timestamp": "2026-05-29T18:23:46.056318084Z", "event": {"kind": "event", "category": "network", "type": "denied", "dataset": "ebpf.network", "action": "drop"}, "network": {"transport": "tcp"}, "host": {"hostname": "semanticos-node", "os": {"platform": "linux", "family": "alpine"}}}
{"@timestamp": "2026-05-29T18:23:48.05755621Z", "event": {"kind": "event", "category": "network", "type": "denied", "dataset": "ebpf.network", "action": "drop"}, "network": {"transport": "tcp"}, "host": {"hostname": "semanticos-node", "os": {"platform": "linux", "family": "alpine"}}}
{"@timestamp": "2026-05-29T18:23:50.056687003Z", "event": {"kind": "event", "category": "network", "type": "denied", "dataset": "ebpf.network", "action": "drop"}, "network": {"transport": "tcp"}, "host": {"hostname": "semanticos-node", "os": {"platform": "linux", "family": "alpine"}}}
{"@timestamp": "2026-05-29T18:23:52.058499004Z", "event": {"kind": "event", "category": "network", "type": "denied", "dataset": "ebpf.network", "action": "drop"}, "network": {"transport": "tcp"}, "host": {"hostname": "semanticos-node", "os": {"platform": "linux", "family": "alpine"}}}
{"@timestamp": "2026-05-29T18:23:54.060498797Z", "event": {"kind": "event", "category": "network", "type": "denied", "dataset": "ebpf.network", "action": "drop"}, "network": {"transport": "tcp"}, "host": {"hostname": "semanticos-node", "os": {"platform": "linux", "family": "alpine"}}}
{"@timestamp": "2026-05-29T18:23:56.057770839Z", "event": {"kind": "event", "category": "network", "type": "denied", "dataset": "ebpf.network", "action": "drop"}, "network": {"transport": "tcp"}, "host": {"hostname": "semanticos-node", "os": {"platform": "linux", "family": "alpine"}}}
{"@timestamp": "2026-05-29T18:23:58.05873584Z", "event": {"kind": "event", "category": "network", "type": "denied", "dataset": "ebpf.network", "action": "drop"}, "network": {"transport": "tcp"}, "host": {"hostname": "semanticos-node", "os": {"platform": "linux", "family": "alpine"}}}
{"@timestamp": "2026-05-29T18:24:00.057005466Z", "event": {"kind": "event", "category": "network", "type": "denied", "dataset": "ebpf.network", "action": "drop"}, "network": {"transport": "tcp"}, "host": {"hostname": "semanticos-node", "os": {"platform": "linux", "family": "alpine"}}}
{"@timestamp": "2026-05-29T18:24:02.059873717Z", "event": {"kind": "event", "category": "network", "type": "denied", "dataset": "ebpf.network", "action": "drop"}, "network": {"transport": "tcp"}, "host": {"hostname": "semanticos-node", "os": {"platform": "linux", "family": "alpine"}}}
{"@timestamp": "2026-05-29T18:24:04.058427718Z", "event": {"kind": "event", "category": "network", "type": "denied", "dataset": "ebpf.network", "action": "drop"}, "network": {"transport": "tcp"}, "host": {"hostname": "semanticos-node", "os": {"platform": "linux", "family": "alpine"}}}
{"@timestamp": "2026-05-29T18:24:06.059935219Z", "event": {"kind": "event", "category": "network", "type": "denied", "dataset": "ebpf.network", "action": "drop"}, "network": {"transport": "tcp"}, "host": {"hostname": "semanticos-node", "os": {"platform": "linux", "family": "alpine"}}}
{"@timestamp": "2026-05-29T18:24:08.057890678Z", "event": {"kind": "event", "category": "network", "type": "denied", "dataset": "ebpf.network", "action": "drop"}, "network": {"transport": "tcp"}, "host": {"hostname": "semanticos-node", "os": {"platform": "linux", "family": "alpine"}}}
{"@timestamp": "2026-05-29T18:24:10.056742471Z", "event": {"kind": "event", "category": "network", "type": "denied", "dataset": "ebpf.network", "action": "drop"}, "network": {"transport": "tcp"}, "host": {"hostname": "semanticos-node", "os": {"platform": "linux", "family": "alpine"}}}
{"@timestamp": "2026-05-29T18:24:12.059594597Z", "event": {"kind": "event", "category": "network", "type": "denied", "dataset": "ebpf.network", "action": "drop"}, "network": {"transport": "tcp"}, "host": {"hostname": "semanticos-node", "os": {"platform": "linux", "family": "alpine"}}}
{"@timestamp": "2026-05-29T18:24:14.057902917Z", "event": {"kind": "event", "category": "network", "type": "denied", "dataset": "ebpf.network", "action": "drop"}, "network": {"transport": "tcp"}, "host": {"hostname": "semanticos-node", "os": {"platform": "linux", "family": "alpine"}}}
{"@timestamp": "2026-05-29T18:24:16.059877126Z", "event": {"kind": "event", "category": "network", "type": "denied", "dataset": "ebpf.network", "action": "drop"}, "network": {"transport": "tcp"}, "host": {"hostname": "semanticos-node", "os": {"platform": "linux", "family": "alpine"}}}
{"@timestamp": "2026-05-29T18:24:18.05986721Z", "event": {"kind": "event", "category": "network", "type": "denied", "dataset": "ebpf.network", "action": "drop"}, "network": {"transport": "tcp"}, "host": {"hostname": "semanticos-node", "os": {"platform": "linux", "family": "alpine"}}}
{"@timestamp": "2026-05-29T18:24:20.059389961Z", "event": {"kind": "event", "category": "network", "type": "denied", "dataset": "ebpf.network", "action": "drop"}, "network": {"transport": "tcp"}, "host": {"hostname": "semanticos-node", "os": {"platform": "linux", "family": "alpine"}}}
{"@timestamp": "2026-05-29T18:24:22.060113962Z", "event": {"kind": "event", "category": "network", "type": "denied", "dataset": "ebpf.network", "action": "drop"}, "network": {"transport": "tcp"}, "host": {"hostname": "semanticos-node", "os": {"platform": "linux", "family": "alpine"}}}
{"@timestamp": "2026-05-29T18:24:24.060174172Z", "event": {"kind": "event", "category": "network", "type": "denied", "dataset": "ebpf.network", "action": "drop"}, "network": {"transport": "tcp"}, "host": {"hostname": "semanticos-node", "os": {"platform": "linux", "family": "alpine"}}}
{"@timestamp": "2026-05-29T18:24:26.058406673Z", "event": {"kind": "event", "category": "network", "type": "denied", "dataset": "ebpf.network", "action": "drop"}, "network": {"transport": "tcp"}, "host": {"hostname": "semanticos-node", "os": {"platform": "linux", "family": "alpine"}}}
{"@timestamp": "2026-05-29T18:24:28.060162507Z", "event": {"kind": "event", "category": "network", "type": "denied", "dataset": "ebpf.network", "action": "drop"}, "network": {"transport": "tcp"}, "host": {"hostname": "semanticos-node", "os": {"platform": "linux", "family": "alpine"}}}
{"@timestamp": "2026-05-29T18:24:30.060030216Z", "event": {"kind": "event", "category": "network", "type": "denied", "dataset": "ebpf.network", "action": "drop"}, "network": {"transport": "tcp"}, "host": {"hostname": "semanticos-node", "os": {"platform": "linux", "family": "alpine"}}}
{"@timestamp": "2026-05-29T18:24:32.05933105Z", "event": {"kind": "event", "category": "network", "type": "denied", "dataset": "ebpf.network", "action": "drop"}, "network": {"transport": "tcp"}, "host": {"hostname": "semanticos-node", "os": {"platform": "linux", "family": "alpine"}}}
{"@timestamp": "2026-05-29T18:24:34.060711343Z", "event": {"kind": "event", "category": "network", "type": "denied", "dataset": "ebpf.network", "action": "drop"}, "network": {"transport": "tcp"}, "host": {"hostname": "semanticos-node", "os": {"platform": "linux", "family": "alpine"}}}
{"@timestamp": "2026-05-29T18:24:36.059190677Z", "event": {"kind": "event", "category": "network", "type": "denied", "dataset": "ebpf.network", "action": "drop"}, "network": {"transport": "tcp"}, "host": {"hostname": "semanticos-node", "os": {"platform": "linux", "family": "alpine"}}}
{"@timestamp": "2026-05-29T18:24:38.058205637Z", "event": {"kind": "event", "category": "network", "type": "denied", "dataset": "ebpf.network", "action": "drop"}, "network": {"transport": "tcp"}, "host": {"hostname": "semanticos-node", "os": {"platform": "linux", "family": "alpine"}}}
{"@timestamp": "2026-05-29T18:24:40.057365304Z", "event": {"kind": "event", "category": "network", "type": "denied", "dataset": "ebpf.network", "action": "drop"}, "network": {"transport": "tcp"}, "host": {"hostname": "semanticos-node", "os": {"platform": "linux", "family": "alpine"}}}
{"@timestamp": "2026-05-29T18:24:42.05972818Z", "event": {"kind": "event", "category": "network", "type": "denied", "dataset": "ebpf.network", "action": "drop"}, "network": {"transport": "tcp"}, "host": {"hostname": "semanticos-node", "os": {"platform": "linux", "family": "alpine"}}}
{"@timestamp": "2026-05-29T18:24:44.060439708Z", "event": {"kind": "event", "category": "network", "type": "denied", "dataset": "ebpf.network", "action": "drop"}, "network": {"transport": "tcp"}, "host": {"hostname": "semanticos-node", "os": {"platform": "linux", "family": "alpine"}}}
{"@timestamp": "2026-05-29T18:24:46.059235834Z", "event": {"kind": "event", "category": "network", "type": "denied", "dataset": "ebpf.network", "action": "drop"}, "network": {"transport": "tcp"}, "host": {"hostname": "semanticos-node", "os": {"platform": "linux", "family": "alpine"}}}
{"@timestamp": "2026-05-29T18:24:48.059326169Z", "event": {"kind": "event", "category": "network", "type": "denied", "dataset": "ebpf.network", "action": "drop"}, "network": {"transport": "tcp"}, "host": {"hostname": "semanticos-node", "os": {"platform": "linux", "family": "alpine"}}}
{"@timestamp": "2026-05-29T18:24:50.060768295Z", "event": {"kind": "event", "category": "network", "type": "denied", "dataset": "ebpf.network", "action": "drop"}, "network": {"transport": "tcp"}, "host": {"hostname": "semanticos-node", "os": {"platform": "linux", "family": "alpine"}}}
{"@timestamp": "2026-05-29T18:24:52.057334212Z", "event": {"kind": "event", "category": "network", "type": "denied", "dataset": "ebpf.network", "action": "drop"}, "network": {"transport": "tcp"}, "host": {"hostname": "semanticos-node", "os": {"platform": "linux", "family": "alpine"}}}
{"@timestamp": "2026-05-29T18:24:54.060555172Z", "event": {"kind": "event", "category": "network", "type": "denied", "dataset": "ebpf.network", "action": "drop"}, "network": {"transport": "tcp"}, "host": {"hostname": "semanticos-node", "os": {"platform": "linux", "family": "alpine"}}}
{"@timestamp": "2026-05-29T18:24:56.058554173Z", "event": {"kind": "event", "category": "network", "type": "denied", "dataset": "ebpf.network", "action": "drop"}, "network": {"transport": "tcp"}, "host": {"hostname": "semanticos-node", "os": {"platform": "linux", "family": "alpine"}}}
{"@timestamp": "2026-05-29T18:24:58.058297257Z", "event": {"kind": "event", "category": "network", "type": "denied", "dataset": "ebpf.network", "action": "drop"}, "network": {"transport": "tcp"}, "host": {"hostname": "semanticos-node", "os": {"platform": "linux", "family": "alpine"}}}
{"@timestamp": "2026-05-29T18:25:00.059916299Z", "event": {"kind": "event", "category": "network", "type": "denied", "dataset": "ebpf.network", "action": "drop"}, "network": {"transport": "tcp"}, "host": {"hostname": "semanticos-node", "os": {"platform": "linux", "family": "alpine"}}}
{"@timestamp": "2026-05-29T18:25:02.0596103Z", "event": {"kind": "event", "category": "network", "type": "denied", "dataset": "ebpf.network", "action": "drop"}, "network": {"transport": "tcp"}, "host": {"hostname": "semanticos-node", "os": {"platform": "linux", "family": "alpine"}}}
{"@timestamp": "2026-05-29T18:25:04.059501801Z", "event": {"kind": "event", "category": "network", "type": "denied", "dataset": "ebpf.network", "action": "drop"}, "network": {"transport": "tcp"}, "host": {"hostname": "semanticos-node", "os": {"platform": "linux", "family": "alpine"}}}
{"@timestamp": "2026-05-29T18:25:06.059327094Z", "event": {"kind": "event", "category": "network", "type": "denied", "dataset": "ebpf.network", "action": "drop"}, "network": {"transport": "tcp"}, "host": {"hostname": "semanticos-node", "os": {"platform": "linux", "family": "alpine"}}}
{"@timestamp": "2026-05-29T18:25:08.058741095Z", "event": {"kind": "event", "category": "network", "type": "denied", "dataset": "ebpf.network", "action": "drop"}, "network": {"transport": "tcp"}, "host": {"hostname": "semanticos-node", "os": {"platform": "linux", "family": "alpine"}}}
{"@timestamp": "2026-05-29T18:25:10.059043221Z", "event": {"kind": "event", "category": "network", "type": "denied", "dataset": "ebpf.network", "action": "drop"}, "network": {"transport": "tcp"}, "host": {"hostname": "semanticos-node", "os": {"platform": "linux", "family": "alpine"}}}
{"@timestamp": "2026-05-29T18:25:12.059396847Z", "event": {"kind": "event", "category": "network", "type": "denied", "dataset": "ebpf.network", "action": "drop"}, "network": {"transport": "tcp"}, "host": {"hostname": "semanticos-node", "os": {"platform": "linux", "family": "alpine"}}}
{"@timestamp": "2026-05-29T18:25:14.057029625Z", "event": {"kind": "event", "category": "network", "type": "denied", "dataset": "ebpf.network", "action": "drop"}, "network": {"transport": "tcp"}, "host": {"hostname": "semanticos-node", "os": {"platform": "linux", "family": "alpine"}}}
{"@timestamp": "2026-05-29T18:25:16.058581751Z", "event": {"kind": "event", "category": "network", "type": "denied", "dataset": "ebpf.network", "action": "drop"}, "network": {"transport": "tcp"}, "host": {"hostname": "semanticos-node", "os": {"platform": "linux", "family": "alpine"}}}
{"@timestamp": "2026-05-29T18:25:18.057831669Z", "event": {"kind": "event", "category": "network", "type": "denied", "dataset": "ebpf.network", "action": "drop"}, "network": {"transport": "tcp"}, "host": {"hostname": "semanticos-node", "os": {"platform": "linux", "family": "alpine"}}}
{"@timestamp": "2026-05-29T18:25:20.058458878Z", "event": {"kind": "event", "category": "network", "type": "denied", "dataset": "ebpf.network", "action": "drop"}, "network": {"transport": "tcp"}, "host": {"hostname": "semanticos-node", "os": {"platform": "linux", "family": "alpine"}}}
{"@timestamp": "2026-05-29T18:25:22.058415504Z", "event": {"kind": "event", "category": "network", "type": "denied", "dataset": "ebpf.network", "action": "drop"}, "network": {"transport": "tcp"}, "host": {"hostname": "semanticos-node", "os": {"platform": "linux", "family": "alpine"}}}
{"@timestamp": "2026-05-29T18:25:24.057695713Z", "event": {"kind": "event", "category": "network", "type": "denied", "dataset": "ebpf.network", "action": "drop"}, "network": {"transport": "tcp"}, "host": {"hostname": "semanticos-node", "os": {"platform": "linux", "family": "alpine"}}}
{"@timestamp": "2026-05-29T18:25:26.058703381Z", "event": {"kind": "event", "category": "network", "type": "denied", "dataset": "ebpf.network", "action": "drop"}, "network": {"transport": "tcp"}, "host": {"hostname": "semanticos-node", "os": {"platform": "linux", "family": "alpine"}}}
{"@timestamp": "2026-05-29T18:25:28.05703009Z", "event": {"kind": "event", "category": "network", "type": "denied", "dataset": "ebpf.network", "action": "drop"}, "network": {"transport": "tcp"}, "host": {"hostname": "semanticos-node", "os": {"platform": "linux", "family": "alpine"}}}
{"@timestamp": "2026-05-29T18:25:30.067250799Z", "event": {"kind": "event", "category": "network", "type": "denied", "dataset": "ebpf.network", "action": "drop"}, "network": {"transport": "tcp"}, "host": {"hostname": "semanticos-node", "os": {"platform": "linux", "family": "alpine"}}}
{"@timestamp": "2026-05-29T18:25:32.059650717Z", "event": {"kind": "event", "category": "network", "type": "denied", "dataset": "ebpf.network", "action": "drop"}, "network": {"transport": "tcp"}, "host": {"hostname": "semanticos-node", "os": {"platform": "linux", "family": "alpine"}}}
{"@timestamp": "2026-05-29T18:25:34.058359301Z", "event": {"kind": "event", "category": "network", "type": "denied", "dataset": "ebpf.network", "action": "drop"}, "network": {"transport": "tcp"}, "host": {"hostname": "semanticos-node", "os": {"platform": "linux", "family": "alpine"}}}
{"@timestamp": "2026-05-29T18:25:36.058504052Z", "event": {"kind": "event", "category": "network", "type": "denied", "dataset": "ebpf.network", "action": "drop"}, "network": {"transport": "tcp"}, "host": {"hostname": "semanticos-node", "os": {"platform": "linux", "family": "alpine"}}}
{"@timestamp": "2026-05-29T18:25:38.056953137Z", "event": {"kind": "event", "category": "network", "type": "denied", "dataset": "ebpf.network", "action": "drop"}, "network": {"transport": "tcp"}, "host": {"hostname": "semanticos-node", "os": {"platform": "linux", "family": "alpine"}}}
{"@timestamp": "2026-05-29T18:25:40.058805054Z", "event": {"kind": "event", "category": "network", "type": "denied", "dataset": "ebpf.network", "action": "drop"}, "network": {"transport": "tcp"}, "host": {"hostname": "semanticos-node", "os": {"platform": "linux", "family": "alpine"}}}
{"@timestamp": "2026-05-29T18:25:42.059364138Z", "event": {"kind": "event", "category": "network", "type": "denied", "dataset": "ebpf.network", "action": "drop"}, "network": {"transport": "tcp"}, "host": {"hostname": "semanticos-node", "os": {"platform": "linux", "family": "alpine"}}}
{"@timestamp": "2026-05-29T18:25:44.059003Z", "event": {"kind": "event", "category": "network", "type": "denied", "dataset": "ebpf.network", "action": "drop"}, "network": {"transport": "tcp"}, "host": {"hostname": "semanticos-node", "os": {"platform": "linux", "family": "alpine"}}}
{"@timestamp": "2026-05-29T18:25:46.057711959Z", "event": {"kind": "event", "category": "network", "type": "denied", "dataset": "ebpf.network", "action": "drop"}, "network": {"transport": "tcp"}, "host": {"hostname": "semanticos-node", "os": {"platform": "linux", "family": "alpine"}}}
{"@timestamp": "2026-05-29T18:25:48.057562085Z", "event": {"kind": "event", "category": "network", "type": "denied", "dataset": "ebpf.network", "action": "drop"}, "network": {"transport": "tcp"}, "host": {"hostname": "semanticos-node", "os": {"platform": "linux", "family": "alpine"}}}
{"@timestamp": "2026-05-29T18:25:50.056522628Z", "event": {"kind": "event", "category": "network", "type": "denied", "dataset": "ebpf.network", "action": "drop"}, "network": {"transport": "tcp"}, "host": {"hostname": "semanticos-node", "os": {"platform": "linux", "family": "alpine"}}}
{"@timestamp": "2026-05-29T18:25:52.059828129Z", "event": {"kind": "event", "category": "network", "type": "denied", "dataset": "ebpf.network", "action": "drop"}, "network": {"transport": "tcp"}, "host": {"hostname": "semanticos-node", "os": {"platform": "linux", "family": "alpine"}}}
{"@timestamp": "2026-05-29T18:25:54.059703672Z", "event": {"kind": "event", "category": "network", "type": "denied", "dataset": "ebpf.network", "action": "drop"}, "network": {"transport": "tcp"}, "host": {"hostname": "semanticos-node", "os": {"platform": "linux", "family": "alpine"}}}
{"@timestamp": "2026-05-29T18:25:56.058448339Z", "event": {"kind": "event", "category": "network", "type": "denied", "dataset": "ebpf.network", "action": "drop"}, "network": {"transport": "tcp"}, "host": {"hostname": "semanticos-node", "os": {"platform": "linux", "family": "alpine"}}}
{"@timestamp": "2026-05-29T18:25:58.059485882Z", "event": {"kind": "event", "category": "network", "type": "denied", "dataset": "ebpf.network", "action": "drop"}, "network": {"transport": "tcp"}, "host": {"hostname": "semanticos-node", "os": {"platform": "linux", "family": "alpine"}}}
{"@timestamp": "2026-05-29T18:26:00.058240299Z", "event": {"kind": "event", "category": "network", "type": "denied", "dataset": "ebpf.network", "action": "drop"}, "network": {"transport": "tcp"}, "host": {"hostname": "semanticos-node", "os": {"platform": "linux", "family": "alpine"}}}
{"@timestamp": "2026-05-29T18:26:02.058139009Z", "event": {"kind": "event", "category": "network", "type": "denied", "dataset": "ebpf.network", "action": "drop"}, "network": {"transport": "tcp"}, "host": {"hostname": "semanticos-node", "os": {"platform": "linux", "family": "alpine"}}}
{"@timestamp": "2026-05-29T18:26:04.059637885Z", "event": {"kind": "event", "category": "network", "type": "denied", "dataset": "ebpf.network", "action": "drop"}, "network": {"transport": "tcp"}, "host": {"hostname": "semanticos-node", "os": {"platform": "linux", "family": "alpine"}}}
{"@timestamp": "2026-05-29T18:26:06.056284844Z", "event": {"kind": "event", "category": "network", "type": "denied", "dataset": "ebpf.network", "action": "drop"}, "network": {"transport": "tcp"}, "host": {"hostname": "semanticos-node", "os": {"platform": "linux", "family": "alpine"}}}
{"@timestamp": "2026-05-29T18:26:08.056482845Z", "event": {"kind": "event", "category": "network", "type": "denied", "dataset": "ebpf.network", "action": "drop"}, "network": {"transport": "tcp"}, "host": {"hostname": "semanticos-node", "os": {"platform": "linux", "family": "alpine"}}}
{"@timestamp": "2026-05-29T18:26:10.058277346Z", "event": {"kind": "event", "category": "network", "type": "denied", "dataset": "ebpf.network", "action": "drop"}, "network": {"transport": "tcp"}, "host": {"hostname": "semanticos-node", "os": {"platform": "linux", "family": "alpine"}}}
{"@timestamp": "2026-05-29T18:26:12.058660013Z", "event": {"kind": "event", "category": "network", "type": "denied", "dataset": "ebpf.network", "action": "drop"}, "network": {"transport": "tcp"}, "host": {"hostname": "semanticos-node", "os": {"platform": "linux", "family": "alpine"}}}
{"@timestamp": "2026-05-29T18:26:14.060205917Z", "event": {"kind": "event", "category": "network", "type": "denied", "dataset": "ebpf.network", "action": "drop"}, "network": {"transport": "tcp"}, "host": {"hostname": "semanticos-node", "os": {"platform": "linux", "family": "alpine"}}}
{"@timestamp": "2026-05-29T18:26:16.061294626Z", "event": {"kind": "event", "category": "network", "type": "denied", "dataset": "ebpf.network", "action": "drop"}, "network": {"transport": "tcp"}, "host": {"hostname": "semanticos-node", "os": {"platform": "linux", "family": "alpine"}}}
{"@timestamp": "2026-05-29T18:26:18.060859085Z", "event": {"kind": "event", "category": "network", "type": "denied", "dataset": "ebpf.network", "action": "drop"}, "network": {"transport": "tcp"}, "host": {"hostname": "semanticos-node", "os": {"platform": "linux", "family": "alpine"}}}
{"@timestamp": "2026-05-29T18:26:20.059916628Z", "event": {"kind": "event", "category": "network", "type": "denied", "dataset": "ebpf.network", "action": "drop"}, "network": {"transport": "tcp"}, "host": {"hostname": "semanticos-node", "os": {"platform": "linux", "family": "alpine"}}}
{"@timestamp": "2026-05-29T18:26:22.061505921Z", "event": {"kind": "event", "category": "network", "type": "denied", "dataset": "ebpf.network", "action": "drop"}, "network": {"transport": "tcp"}, "host": {"hostname": "semanticos-node", "os": {"platform": "linux", "family": "alpine"}}}
{"@timestamp": "2026-05-29T18:26:24.060335963Z", "event": {"kind": "event", "category": "network", "type": "denied", "dataset": "ebpf.network", "action": "drop"}, "network": {"transport": "tcp"}, "host": {"hostname": "semanticos-node", "os": {"platform": "linux", "family": "alpine"}}}
{"@timestamp": "2026-05-29T18:26:26.060135714Z", "event": {"kind": "event", "category": "network", "type": "denied", "dataset": "ebpf.network", "action": "drop"}, "network": {"transport": "tcp"}, "host": {"hostname": "semanticos-node", "os": {"platform": "linux", "family": "alpine"}}}
{"@timestamp": "2026-05-29T18:26:28.060779465Z", "event": {"kind": "event", "category": "network", "type": "denied", "dataset": "ebpf.network", "action": "drop"}, "network": {"transport": "tcp"}, "host": {"hostname": "semanticos-node", "os": {"platform": "linux", "family": "alpine"}}}
{"@timestamp": "2026-05-29T18:26:30.058873133Z", "event": {"kind": "event", "category": "network", "type": "denied", "dataset": "ebpf.network", "action": "drop"}, "network": {"transport": "tcp"}, "host": {"hostname": "semanticos-node", "os": {"platform": "linux", "family": "alpine"}}}
{"@timestamp": "2026-05-29T18:26:32.059664759Z", "event": {"kind": "event", "category": "network", "type": "denied", "dataset": "ebpf.network", "action": "drop"}, "network": {"transport": "tcp"}, "host": {"hostname": "semanticos-node", "os": {"platform": "linux", "family": "alpine"}}}
{"@timestamp": "2026-05-29T18:26:34.060593843Z", "event": {"kind": "event", "category": "network", "type": "denied", "dataset": "ebpf.network", "action": "drop"}, "network": {"transport": "tcp"}, "host": {"hostname": "semanticos-node", "os": {"platform": "linux", "family": "alpine"}}}
{"@timestamp": "2026-05-29T18:26:36.059146177Z", "event": {"kind": "event", "category": "network", "type": "denied", "dataset": "ebpf.network", "action": "drop"}, "network": {"transport": "tcp"}, "host": {"hostname": "semanticos-node", "os": {"platform": "linux", "family": "alpine"}}}
{"@timestamp": "2026-05-29T18:26:38.06094872Z", "event": {"kind": "event", "category": "network", "type": "denied", "dataset": "ebpf.network", "action": "drop"}, "network": {"transport": "tcp"}, "host": {"hostname": "semanticos-node", "os": {"platform": "linux", "family": "alpine"}}}
{"@timestamp": "2026-05-29T18:26:40.060382138Z", "event": {"kind": "event", "category": "network", "type": "denied", "dataset": "ebpf.network", "action": "drop"}, "network": {"transport": "tcp"}, "host": {"hostname": "semanticos-node", "os": {"platform": "linux", "family": "alpine"}}}
{"@timestamp": "2026-05-29T18:26:42.061149722Z", "event": {"kind": "event", "category": "network", "type": "denied", "dataset": "ebpf.network", "action": "drop"}, "network": {"transport": "tcp"}, "host": {"hostname": "semanticos-node", "os": {"platform": "linux", "family": "alpine"}}}
{"@timestamp": "2026-05-29T18:26:44.060693917Z", "event": {"kind": "event", "category": "network", "type": "denied", "dataset": "ebpf.network", "action": "drop"}, "network": {"transport": "tcp"}, "host": {"hostname": "semanticos-node", "os": {"platform": "linux", "family": "alpine"}}}
{"@timestamp": "2026-05-29T18:26:46.061857043Z", "event": {"kind": "event", "category": "network", "type": "denied", "dataset": "ebpf.network", "action": "drop"}, "network": {"transport": "tcp"}, "host": {"hostname": "semanticos-node", "os": {"platform": "linux", "family": "alpine"}}}
{"@timestamp": "2026-05-29T18:26:48.060502127Z", "event": {"kind": "event", "category": "network", "type": "denied", "dataset": "ebpf.network", "action": "drop"}, "network": {"transport": "tcp"}, "host": {"hostname": "semanticos-node", "os": {"platform": "linux", "family": "alpine"}}}
{"@timestamp": "2026-05-29T18:26:50.06152567Z", "event": {"kind": "event", "category": "network", "type": "denied", "dataset": "ebpf.network", "action": "drop"}, "network": {"transport": "tcp"}, "host": {"hostname": "semanticos-node", "os": {"platform": "linux", "family": "alpine"}}}
{"@timestamp": "2026-05-29T18:26:52.060839546Z", "event": {"kind": "event", "category": "network", "type": "denied", "dataset": "ebpf.network", "action": "drop"}, "network": {"transport": "tcp"}, "host": {"hostname": "semanticos-node", "os": {"platform": "linux", "family": "alpine"}}}
{"@timestamp": "2026-05-29T18:26:54.060665297Z", "event": {"kind": "event", "category": "network", "type": "denied", "dataset": "ebpf.network", "action": "drop"}, "network": {"transport": "tcp"}, "host": {"hostname": "semanticos-node", "os": {"platform": "linux", "family": "alpine"}}}
{"@timestamp": "2026-05-29T18:26:56.059545922Z", "event": {"kind": "event", "category": "network", "type": "denied", "dataset": "ebpf.network", "action": "drop"}, "network": {"transport": "tcp"}, "host": {"hostname": "semanticos-node", "os": {"platform": "linux", "family": "alpine"}}}
{"@timestamp": "2026-05-29T18:26:58.06094409Z", "event": {"kind": "event", "category": "network", "type": "denied", "dataset": "ebpf.network", "action": "drop"}, "network": {"transport": "tcp"}, "host": {"hostname": "semanticos-node", "os": {"platform": "linux", "family": "alpine"}}}
{"@timestamp": "2026-05-29T18:27:00.060450633Z", "event": {"kind": "event", "category": "network", "type": "denied", "dataset": "ebpf.network", "action": "drop"}, "network": {"transport": "tcp"}, "host": {"hostname": "semanticos-node", "os": {"platform": "linux", "family": "alpine"}}}
{"@timestamp": "2026-05-29T18:27:02.060553509Z", "event": {"kind": "event", "category": "network", "type": "denied", "dataset": "ebpf.network", "action": "drop"}, "network": {"transport": "tcp"}, "host": {"hostname": "semanticos-node", "os": {"platform": "linux", "family": "alpine"}}}
{"@timestamp": "2026-05-29T18:27:04.060347718Z", "event": {"kind": "event", "category": "network", "type": "denied", "dataset": "ebpf.network", "action": "drop"}, "network": {"transport": "tcp"}, "host": {"hostname": "semanticos-node", "os": {"platform": "linux", "family": "alpine"}}}
{"@timestamp": "2026-05-29T18:27:06.059679177Z", "event": {"kind": "event", "category": "network", "type": "denied", "dataset": "ebpf.network", "action": "drop"}, "network": {"transport": "tcp"}, "host": {"hostname": "semanticos-node", "os": {"platform": "linux", "family": "alpine"}}}
{"@timestamp": "2026-05-29T18:27:08.061120345Z", "event": {"kind": "event", "category": "network", "type": "denied", "dataset": "ebpf.network", "action": "drop"}, "network": {"transport": "tcp"}, "host": {"hostname": "semanticos-node", "os": {"platform": "linux", "family": "alpine"}}}
{"@timestamp": "2026-05-29T18:27:10.062260804Z", "event": {"kind": "event", "category": "network", "type": "denied", "dataset": "ebpf.network", "action": "drop"}, "network": {"transport": "tcp"}, "host": {"hostname": "semanticos-node", "os": {"platform": "linux", "family": "alpine"}}}
{"@timestamp": "2026-05-29T18:27:12.060329722Z", "event": {"kind": "event", "category": "network", "type": "denied", "dataset": "ebpf.network", "action": "drop"}, "network": {"transport": "tcp"}, "host": {"hostname": "semanticos-node", "os": {"platform": "linux", "family": "alpine"}}}
{"@timestamp": "2026-05-29T18:27:14.061068833Z", "event": {"kind": "event", "category": "network", "type": "denied", "dataset": "ebpf.network", "action": "drop"}, "network": {"transport": "tcp"}, "host": {"hostname": "semanticos-node", "os": {"platform": "linux", "family": "alpine"}}}
{"@timestamp": "2026-05-29T18:27:16.060794626Z", "event": {"kind": "event", "category": "network", "type": "denied", "dataset": "ebpf.network", "action": "drop"}, "network": {"transport": "tcp"}, "host": {"hostname": "semanticos-node", "os": {"platform": "linux", "family": "alpine"}}}
{"@timestamp": "2026-05-29T18:27:18.06125021Z", "event": {"kind": "event", "category": "network", "type": "denied", "dataset": "ebpf.network", "action": "drop"}, "network": {"transport": "tcp"}, "host": {"hostname": "semanticos-node", "os": {"platform": "linux", "family": "alpine"}}}
{"@timestamp": "2026-05-29T18:27:20.060103003Z", "event": {"kind": "event", "category": "network", "type": "denied", "dataset": "ebpf.network", "action": "drop"}, "network": {"transport": "tcp"}, "host": {"hostname": "semanticos-node", "os": {"platform": "linux", "family": "alpine"}}}
{"@timestamp": "2026-05-29T18:27:22.061100879Z", "event": {"kind": "event", "category": "network", "type": "denied", "dataset": "ebpf.network", "action": "drop"}, "network": {"transport": "tcp"}, "host": {"hostname": "semanticos-node", "os": {"platform": "linux", "family": "alpine"}}}
{"@timestamp": "2026-05-29T18:27:24.061203297Z", "event": {"kind": "event", "category": "network", "type": "denied", "dataset": "ebpf.network", "action": "drop"}, "network": {"transport": "tcp"}, "host": {"hostname": "semanticos-node", "os": {"platform": "linux", "family": "alpine"}}}
{"@timestamp": "2026-05-29T18:27:26.060772839Z", "event": {"kind": "event", "category": "network", "type": "denied", "dataset": "ebpf.network", "action": "drop"}, "network": {"transport": "tcp"}, "host": {"hostname": "semanticos-node", "os": {"platform": "linux", "family": "alpine"}}}
{"@timestamp": "2026-05-29T18:27:28.059933548Z", "event": {"kind": "event", "category": "network", "type": "denied", "dataset": "ebpf.network", "action": "drop"}, "network": {"transport": "tcp"}, "host": {"hostname": "semanticos-node", "os": {"platform": "linux", "family": "alpine"}}}
{"@timestamp": "2026-05-29T18:27:30.062724299Z", "event": {"kind": "event", "category": "network", "type": "denied", "dataset": "ebpf.network", "action": "drop"}, "network": {"transport": "tcp"}, "host": {"hostname": "semanticos-node", "os": {"platform": "linux", "family": "alpine"}}}
{"@timestamp": "2026-05-29T18:27:32.062037009Z", "event": {"kind": "event", "category": "network", "type": "denied", "dataset": "ebpf.network", "action": "drop"}, "network": {"transport": "tcp"}, "host": {"hostname": "semanticos-node", "os": {"platform": "linux", "family": "alpine"}}}
{"@timestamp": "2026-05-29T18:27:34.06070776Z", "event": {"kind": "event", "category": "network", "type": "denied", "dataset": "ebpf.network", "action": "drop"}, "network": {"transport": "tcp"}, "host": {"hostname": "semanticos-node", "os": {"platform": "linux", "family": "alpine"}}}
{"@timestamp": "2026-05-29T18:27:36.058947719Z", "event": {"kind": "event", "category": "network", "type": "denied", "dataset": "ebpf.network", "action": "drop"}, "network": {"transport": "tcp"}, "host": {"hostname": "semanticos-node", "os": {"platform": "linux", "family": "alpine"}}}
{"@timestamp": "2026-05-29T18:27:38.061738928Z", "event": {"kind": "event", "category": "network", "type": "denied", "dataset": "ebpf.network", "action": "drop"}, "network": {"transport": "tcp"}, "host": {"hostname": "semanticos-node", "os": {"platform": "linux", "family": "alpine"}}}
{"@timestamp": "2026-05-29T18:27:40.065107804Z", "event": {"kind": "event", "category": "network", "type": "denied", "dataset": "ebpf.network", "action": "drop"}, "network": {"transport": "tcp"}, "host": {"hostname": "semanticos-node", "os": {"platform": "linux", "family": "alpine"}}}
{"@timestamp": "2026-05-29T18:27:42.062372722Z", "event": {"kind": "event", "category": "network", "type": "denied", "dataset": "ebpf.network", "action": "drop"}, "network": {"transport": "tcp"}, "host": {"hostname": "semanticos-node", "os": {"platform": "linux", "family": "alpine"}}}
{"@timestamp": "2026-05-29T18:27:44.058917292Z", "event": {"kind": "event", "category": "network", "type": "denied", "dataset": "ebpf.network", "action": "drop"}, "network": {"transport": "tcp"}, "host": {"hostname": "semanticos-node", "os": {"platform": "linux", "family": "alpine"}}}
{"@timestamp": "2026-05-29T18:27:46.060821376Z", "event": {"kind": "event", "category": "network", "type": "denied", "dataset": "ebpf.network", "action": "drop"}, "network": {"transport": "tcp"}, "host": {"hostname": "semanticos-node", "os": {"platform": "linux", "family": "alpine"}}}
{"@timestamp": "2026-05-29T18:27:48.062137419Z", "event": {"kind": "event", "category": "network", "type": "denied", "dataset": "ebpf.network", "action": "drop"}, "network": {"transport": "tcp"}, "host": {"hostname": "semanticos-node", "os": {"platform": "linux", "family": "alpine"}}}
{"@timestamp": "2026-05-29T18:27:50.060932878Z", "event": {"kind": "event", "category": "network", "type": "denied", "dataset": "ebpf.network", "action": "drop"}, "network": {"transport": "tcp"}, "host": {"hostname": "semanticos-node", "os": {"platform": "linux", "family": "alpine"}}}
{"@timestamp": "2026-05-29T18:27:52.061087421Z", "event": {"kind": "event", "category": "network", "type": "denied", "dataset": "ebpf.network", "action": "drop"}, "network": {"transport": "tcp"}, "host": {"hostname": "semanticos-node", "os": {"platform": "linux", "family": "alpine"}}}
{"@timestamp": "2026-05-29T18:27:54.061409922Z", "event": {"kind": "event", "category": "network", "type": "denied", "dataset": "ebpf.network", "action": "drop"}, "network": {"transport": "tcp"}, "host": {"hostname": "semanticos-node", "os": {"platform": "linux", "family": "alpine"}}}
{"@timestamp": "2026-05-29T18:27:56.060696339Z", "event": {"kind": "event", "category": "network", "type": "denied", "dataset": "ebpf.network", "action": "drop"}, "network": {"transport": "tcp"}, "host": {"hostname": "semanticos-node", "os": {"platform": "linux", "family": "alpine"}}}
{"@timestamp": "2026-05-29T18:27:58.060279048Z", "event": {"kind": "event", "category": "network", "type": "denied", "dataset": "ebpf.network", "action": "drop"}, "network": {"transport": "tcp"}, "host": {"hostname": "semanticos-node", "os": {"platform": "linux", "family": "alpine"}}}
{"@timestamp": "2026-05-29T18:28:00.061565674Z", "event": {"kind": "event", "category": "network", "type": "denied", "dataset": "ebpf.network", "action": "drop"}, "network": {"transport": "tcp"}, "host": {"hostname": "semanticos-node", "os": {"platform": "linux", "family": "alpine"}}}
{"@timestamp": "2026-05-29T18:28:02.060835675Z", "event": {"kind": "event", "category": "network", "type": "denied", "dataset": "ebpf.network", "action": "drop"}, "network": {"transport": "tcp"}, "host": {"hostname": "semanticos-node", "os": {"platform": "linux", "family": "alpine"}}}
{"@timestamp": "2026-05-29T18:28:04.058780718Z", "event": {"kind": "event", "category": "network", "type": "denied", "dataset": "ebpf.network", "action": "drop"}, "network": {"transport": "tcp"}, "host": {"hostname": "semanticos-node", "os": {"platform": "linux", "family": "alpine"}}}
{"@timestamp": "2026-05-29T18:28:06.058933386Z", "event": {"kind": "event", "category": "network", "type": "denied", "dataset": "ebpf.network", "action": "drop"}, "network": {"transport": "tcp"}, "host": {"hostname": "semanticos-node", "os": {"platform": "linux", "family": "alpine"}}}
{"@timestamp": "2026-05-29T18:28:08.060945428Z", "event": {"kind": "event", "category": "network", "type": "denied", "dataset": "ebpf.network", "action": "drop"}, "network": {"transport": "tcp"}, "host": {"hostname": "semanticos-node", "os": {"platform": "linux", "family": "alpine"}}}
{"@timestamp": "2026-05-29T18:28:10.059029262Z", "event": {"kind": "event", "category": "network", "type": "denied", "dataset": "ebpf.network", "action": "drop"}, "network": {"transport": "tcp"}, "host": {"hostname": "semanticos-node", "os": {"platform": "linux", "family": "alpine"}}}
{"@timestamp": "2026-05-29T18:28:12.060867138Z", "event": {"kind": "event", "category": "network", "type": "denied", "dataset": "ebpf.network", "action": "drop"}, "network": {"transport": "tcp"}, "host": {"hostname": "semanticos-node", "os": {"platform": "linux", "family": "alpine"}}}
{"@timestamp": "2026-05-29T18:28:14.065683542Z", "event": {"kind": "event", "category": "network", "type": "denied", "dataset": "ebpf.network", "action": "drop"}, "network": {"transport": "tcp"}, "host": {"hostname": "semanticos-node", "os": {"platform": "linux", "family": "alpine"}}}
{"@timestamp": "2026-05-29T18:28:16.062537168Z", "event": {"kind": "event", "category": "network", "type": "denied", "dataset": "ebpf.network", "action": "drop"}, "network": {"transport": "tcp"}, "host": {"hostname": "semanticos-node", "os": {"platform": "linux", "family": "alpine"}}}
{"@timestamp": "2026-05-29T18:28:18.060781044Z", "event": {"kind": "event", "category": "network", "type": "denied", "dataset": "ebpf.network", "action": "drop"}, "network": {"transport": "tcp"}, "host": {"hostname": "semanticos-node", "os": {"platform": "linux", "family": "alpine"}}}
{"@timestamp": "2026-05-29T18:28:20.06237842Z", "event": {"kind": "event", "category": "network", "type": "denied", "dataset": "ebpf.network", "action": "drop"}, "network": {"transport": "tcp"}, "host": {"hostname": "semanticos-node", "os": {"platform": "linux", "family": "alpine"}}}
{"@timestamp": "2026-05-29T18:28:22.062384546Z", "event": {"kind": "event", "category": "network", "type": "denied", "dataset": "ebpf.network", "action": "drop"}, "network": {"transport": "tcp"}, "host": {"hostname": "semanticos-node", "os": {"platform": "linux", "family": "alpine"}}}
{"@timestamp": "2026-05-29T18:28:24.061601088Z", "event": {"kind": "event", "category": "network", "type": "denied", "dataset": "ebpf.network", "action": "drop"}, "network": {"transport": "tcp"}, "host": {"hostname": "semanticos-node", "os": {"platform": "linux", "family": "alpine"}}}
{"@timestamp": "2026-05-29T18:28:26.061610964Z", "event": {"kind": "event", "category": "network", "type": "denied", "dataset": "ebpf.network", "action": "drop"}, "network": {"transport": "tcp"}, "host": {"hostname": "semanticos-node", "os": {"platform": "linux", "family": "alpine"}}}
{"@timestamp": "2026-05-29T18:28:28.060568757Z", "event": {"kind": "event", "category": "network", "type": "denied", "dataset": "ebpf.network", "action": "drop"}, "network": {"transport": "tcp"}, "host": {"hostname": "semanticos-node", "os": {"platform": "linux", "family": "alpine"}}}
{"@timestamp": "2026-05-29T18:28:30.062736216Z", "event": {"kind": "event", "category": "network", "type": "denied", "dataset": "ebpf.network", "action": "drop"}, "network": {"transport": "tcp"}, "host": {"hostname": "semanticos-node", "os": {"platform": "linux", "family": "alpine"}}}
{"@timestamp": "2026-05-29T18:28:32.061838259Z", "event": {"kind": "event", "category": "network", "type": "denied", "dataset": "ebpf.network", "action": "drop"}, "network": {"transport": "tcp"}, "host": {"hostname": "semanticos-node", "os": {"platform": "linux", "family": "alpine"}}}
{"@timestamp": "2026-05-29T18:28:34.06148951Z", "event": {"kind": "event", "category": "network", "type": "denied", "dataset": "ebpf.network", "action": "drop"}, "network": {"transport": "tcp"}, "host": {"hostname": "semanticos-node", "os": {"platform": "linux", "family": "alpine"}}}
{"@timestamp": "2026-05-29T18:28:36.061927677Z", "event": {"kind": "event", "category": "network", "type": "denied", "dataset": "ebpf.network", "action": "drop"}, "network": {"transport": "tcp"}, "host": {"hostname": "semanticos-node", "os": {"platform": "linux", "family": "alpine"}}}
{"@timestamp": "2026-05-29T18:28:38.06339147Z", "event": {"kind": "event", "category": "network", "type": "denied", "dataset": "ebpf.network", "action": "drop"}, "network": {"transport": "tcp"}, "host": {"hostname": "semanticos-node", "os": {"platform": "linux", "family": "alpine"}}}
{"@timestamp": "2026-05-29T18:28:40.061986471Z", "event": {"kind": "event", "category": "network", "type": "denied", "dataset": "ebpf.network", "action": "drop"}, "network": {"transport": "tcp"}, "host": {"hostname": "semanticos-node", "os": {"platform": "linux", "family": "alpine"}}}
{"@timestamp": "2026-05-29T18:28:42.062263513Z", "event": {"kind": "event", "category": "network", "type": "denied", "dataset": "ebpf.network", "action": "drop"}, "network": {"transport": "tcp"}, "host": {"hostname": "semanticos-node", "os": {"platform": "linux", "family": "alpine"}}}
{"@timestamp": "2026-05-29T18:28:44.062393792Z", "event": {"kind": "event", "category": "network", "type": "denied", "dataset": "ebpf.network", "action": "drop"}, "network": {"transport": "tcp"}, "host": {"hostname": "semanticos-node", "os": {"platform": "linux", "family": "alpine"}}}
{"@timestamp": "2026-05-29T18:28:46.061710668Z", "event": {"kind": "event", "category": "network", "type": "denied", "dataset": "ebpf.network", "action": "drop"}, "network": {"transport": "tcp"}, "host": {"hostname": "semanticos-node", "os": {"platform": "linux", "family": "alpine"}}}
{"@timestamp": "2026-05-29T18:28:48.062081377Z", "event": {"kind": "event", "category": "network", "type": "denied", "dataset": "ebpf.network", "action": "drop"}, "network": {"transport": "tcp"}, "host": {"hostname": "semanticos-node", "os": {"platform": "linux", "family": "alpine"}}}
{"@timestamp": "2026-05-29T18:28:50.062525628Z", "event": {"kind": "event", "category": "network", "type": "denied", "dataset": "ebpf.network", "action": "drop"}, "network": {"transport": "tcp"}, "host": {"hostname": "semanticos-node", "os": {"platform": "linux", "family": "alpine"}}}
{"@timestamp": "2026-05-29T18:28:52.062615254Z", "event": {"kind": "event", "category": "network", "type": "denied", "dataset": "ebpf.network", "action": "drop"}, "network": {"transport": "tcp"}, "host": {"hostname": "semanticos-node", "os": {"platform": "linux", "family": "alpine"}}}
{"@timestamp": "2026-05-29T18:28:54.061836797Z", "event": {"kind": "event", "category": "network", "type": "denied", "dataset": "ebpf.network", "action": "drop"}, "network": {"transport": "tcp"}, "host": {"hostname": "semanticos-node", "os": {"platform": "linux", "family": "alpine"}}}
{"@timestamp": "2026-05-29T18:28:56.060453131Z", "event": {"kind": "event", "category": "network", "type": "denied", "dataset": "ebpf.network", "action": "drop"}, "network": {"transport": "tcp"}, "host": {"hostname": "semanticos-node", "os": {"platform": "linux", "family": "alpine"}}}
{"@timestamp": "2026-05-29T18:28:58.062471132Z", "event": {"kind": "event", "category": "network", "type": "denied", "dataset": "ebpf.network", "action": "drop"}, "network": {"transport": "tcp"}, "host": {"hostname": "semanticos-node", "os": {"platform": "linux", "family": "alpine"}}}
{"@timestamp": "2026-05-29T18:29:00.061830341Z", "event": {"kind": "event", "category": "network", "type": "denied", "dataset": "ebpf.network", "action": "drop"}, "network": {"transport": "tcp"}, "host": {"hostname": "semanticos-node", "os": {"platform": "linux", "family": "alpine"}}}
{"@timestamp": "2026-05-29T18:29:02.063329092Z", "event": {"kind": "event", "category": "network", "type": "denied", "dataset": "ebpf.network", "action": "drop"}, "network": {"transport": "tcp"}, "host": {"hostname": "semanticos-node", "os": {"platform": "linux", "family": "alpine"}}}
{"@timestamp": "2026-05-29T18:29:04.06286676Z", "event": {"kind": "event", "category": "network", "type": "denied", "dataset": "ebpf.network", "action": "drop"}, "network": {"transport": "tcp"}, "host": {"hostname": "semanticos-node", "os": {"platform": "linux", "family": "alpine"}}}
{"@timestamp": "2026-05-29T18:29:06.061083844Z", "event": {"kind": "event", "category": "network", "type": "denied", "dataset": "ebpf.network", "action": "drop"}, "network": {"transport": "tcp"}, "host": {"hostname": "semanticos-node", "os": {"platform": "linux", "family": "alpine"}}}
{"@timestamp": "2026-05-29T18:29:08.062089428Z", "event": {"kind": "event", "category": "network", "type": "denied", "dataset": "ebpf.network", "action": "drop"}, "network": {"transport": "tcp"}, "host": {"hostname": "semanticos-node", "os": {"platform": "linux", "family": "alpine"}}}
{"@timestamp": "2026-05-29T18:29:10.061767012Z", "event": {"kind": "event", "category": "network", "type": "denied", "dataset": "ebpf.network", "action": "drop"}, "network": {"transport": "tcp"}, "host": {"hostname": "semanticos-node", "os": {"platform": "linux", "family": "alpine"}}}
{"@timestamp": "2026-05-29T18:29:12.063811763Z", "event": {"kind": "event", "category": "network", "type": "denied", "dataset": "ebpf.network", "action": "drop"}, "network": {"transport": "tcp"}, "host": {"hostname": "semanticos-node", "os": {"platform": "linux", "family": "alpine"}}}
{"@timestamp": "2026-05-29T18:29:14.061975083Z", "event": {"kind": "event", "category": "network", "type": "denied", "dataset": "ebpf.network", "action": "drop"}, "network": {"transport": "tcp"}, "host": {"hostname": "semanticos-node", "os": {"platform": "linux", "family": "alpine"}}}
{"@timestamp": "2026-05-29T18:29:16.061477334Z", "event": {"kind": "event", "category": "network", "type": "denied", "dataset": "ebpf.network", "action": "drop"}, "network": {"transport": "tcp"}, "host": {"hostname": "semanticos-node", "os": {"platform": "linux", "family": "alpine"}}}
{"@timestamp": "2026-05-29T18:29:18.064163335Z", "event": {"kind": "event", "category": "network", "type": "denied", "dataset": "ebpf.network", "action": "drop"}, "network": {"transport": "tcp"}, "host": {"hostname": "semanticos-node", "os": {"platform": "linux", "family": "alpine"}}}
{"@timestamp": "2026-05-29T18:29:20.061252045Z", "event": {"kind": "event", "category": "network", "type": "denied", "dataset": "ebpf.network", "action": "drop"}, "network": {"transport": "tcp"}, "host": {"hostname": "semanticos-node", "os": {"platform": "linux", "family": "alpine"}}}
{"@timestamp": "2026-05-29T18:29:22.063192671Z", "event": {"kind": "event", "category": "network", "type": "denied", "dataset": "ebpf.network", "action": "drop"}, "network": {"transport": "tcp"}, "host": {"hostname": "semanticos-node", "os": {"platform": "linux", "family": "alpine"}}}
{"@timestamp": "2026-05-29T18:29:24.061258713Z", "event": {"kind": "event", "category": "network", "type": "denied", "dataset": "ebpf.network", "action": "drop"}, "network": {"transport": "tcp"}, "host": {"hostname": "semanticos-node", "os": {"platform": "linux", "family": "alpine"}}}
{"@timestamp": "2026-05-29T18:29:26.062900422Z", "event": {"kind": "event", "category": "network", "type": "denied", "dataset": "ebpf.network", "action": "drop"}, "network": {"transport": "tcp"}, "host": {"hostname": "semanticos-node", "os": {"platform": "linux", "family": "alpine"}}}
{"@timestamp": "2026-05-29T18:29:28.061783923Z", "event": {"kind": "event", "category": "network", "type": "denied", "dataset": "ebpf.network", "action": "drop"}, "network": {"transport": "tcp"}, "host": {"hostname": "semanticos-node", "os": {"platform": "linux", "family": "alpine"}}}
{"@timestamp": "2026-05-29T18:29:30.063216008Z", "event": {"kind": "event", "category": "network", "type": "denied", "dataset": "ebpf.network", "action": "drop"}, "network": {"transport": "tcp"}, "host": {"hostname": "semanticos-node", "os": {"platform": "linux", "family": "alpine"}}}
{"@timestamp": "2026-05-29T18:29:32.061135092Z", "event": {"kind": "event", "category": "network", "type": "denied", "dataset": "ebpf.network", "action": "drop"}, "network": {"transport": "tcp"}, "host": {"hostname": "semanticos-node", "os": {"platform": "linux", "family": "alpine"}}}
{"@timestamp": "2026-05-29T18:29:34.062170176Z", "event": {"kind": "event", "category": "network", "type": "denied", "dataset": "ebpf.network", "action": "drop"}, "network": {"transport": "tcp"}, "host": {"hostname": "semanticos-node", "os": {"platform": "linux", "family": "alpine"}}}
{"@timestamp": "2026-05-29T18:29:36.062254802Z", "event": {"kind": "event", "category": "network", "type": "denied", "dataset": "ebpf.network", "action": "drop"}, "network": {"transport": "tcp"}, "host": {"hostname": "semanticos-node", "os": {"platform": "linux", "family": "alpine"}}}
{"@timestamp": "2026-05-29T18:29:38.062291387Z", "event": {"kind": "event", "category": "network", "type": "denied", "dataset": "ebpf.network", "action": "drop"}, "network": {"transport": "tcp"}, "host": {"hostname": "semanticos-node", "os": {"platform": "linux", "family": "alpine"}}}
{"@timestamp": "2026-05-29T18:29:40.062599637Z", "event": {"kind": "event", "category": "network", "type": "denied", "dataset": "ebpf.network", "action": "drop"}, "network": {"transport": "tcp"}, "host": {"hostname": "semanticos-node", "os": {"platform": "linux", "family": "alpine"}}}
{"@timestamp": "2026-05-29T18:29:42.063153013Z", "event": {"kind": "event", "category": "network", "type": "denied", "dataset": "ebpf.network", "action": "drop"}, "network": {"transport": "tcp"}, "host": {"hostname": "semanticos-node", "os": {"platform": "linux", "family": "alpine"}}}
{"@timestamp": "2026-05-29T18:29:44.061684083Z", "event": {"kind": "event", "category": "network", "type": "denied", "dataset": "ebpf.network", "action": "drop"}, "network": {"transport": "tcp"}, "host": {"hostname": "semanticos-node", "os": {"platform": "linux", "family": "alpine"}}}
{"@timestamp": "2026-05-29T18:29:46.061723376Z", "event": {"kind": "event", "category": "network", "type": "denied", "dataset": "ebpf.network", "action": "drop"}, "network": {"transport": "tcp"}, "host": {"hostname": "semanticos-node", "os": {"platform": "linux", "family": "alpine"}}}
{"@timestamp": "2026-05-29T18:29:48.062158377Z", "event": {"kind": "event", "category": "network", "type": "denied", "dataset": "ebpf.network", "action": "drop"}, "network": {"transport": "tcp"}, "host": {"hostname": "semanticos-node", "os": {"platform": "linux", "family": "alpine"}}}
{"@timestamp": "2026-05-29T18:29:50.061686795Z", "event": {"kind": "event", "category": "network", "type": "denied", "dataset": "ebpf.network", "action": "drop"}, "network": {"transport": "tcp"}, "host": {"hostname": "semanticos-node", "os": {"platform": "linux", "family": "alpine"}}}
{"@timestamp": "2026-05-29T18:29:52.063454629Z", "event": {"kind": "event", "category": "network", "type": "denied", "dataset": "ebpf.network", "action": "drop"}, "network": {"transport": "tcp"}, "host": {"hostname": "semanticos-node", "os": {"platform": "linux", "family": "alpine"}}}
{"@timestamp": "2026-05-29T18:29:54.063721922Z", "event": {"kind": "event", "category": "network", "type": "denied", "dataset": "ebpf.network", "action": "drop"}, "network": {"transport": "tcp"}, "host": {"hostname": "semanticos-node", "os": {"platform": "linux", "family": "alpine"}}}
{"@timestamp": "2026-05-29T18:29:56.061818881Z", "event": {"kind": "event", "category": "network", "type": "denied", "dataset": "ebpf.network", "action": "drop"}, "network": {"transport": "tcp"}, "host": {"hostname": "semanticos-node", "os": {"platform": "linux", "family": "alpine"}}}
{"@timestamp": "2026-05-29T18:29:58.060341548Z", "event": {"kind": "event", "category": "network", "type": "denied", "dataset": "ebpf.network", "action": "drop"}, "network": {"transport": "tcp"}, "host": {"hostname": "semanticos-node", "os": {"platform": "linux", "family": "alpine"}}}
{"@timestamp": "2026-05-29T18:30:00.064519383Z", "event": {"kind": "event", "category": "network", "type": "denied", "dataset": "ebpf.network", "action": "drop"}, "network": {"transport": "tcp"}, "host": {"hostname": "semanticos-node", "os": {"platform": "linux", "family": "alpine"}}}
{"@timestamp": "2026-05-29T18:30:02.114454675Z", "event": {"kind": "event", "category": "network", "type": "denied", "dataset": "ebpf.network", "action": "drop"}, "network": {"transport": "tcp"}, "host": {"hostname": "semanticos-node", "os": {"platform": "linux", "family": "alpine"}}}
{"@timestamp": "2026-05-29T18:30:04.060511301Z", "event": {"kind": "event", "category": "network", "type": "denied", "dataset": "ebpf.network", "action": "drop"}, "network": {"transport": "tcp"}, "host": {"hostname": "semanticos-node", "os": {"platform": "linux", "family": "alpine"}}}
{"@timestamp": "2026-05-29T18:30:06.062057219Z", "event": {"kind": "event", "category": "network", "type": "denied", "dataset": "ebpf.network", "action": "drop"}, "network": {"transport": "tcp"}, "host": {"hostname": "semanticos-node", "os": {"platform": "linux", "family": "alpine"}}}
{"@timestamp": "2026-05-29T18:30:08.063863303Z", "event": {"kind": "event", "category": "network", "type": "denied", "dataset": "ebpf.network", "action": "drop"}, "network": {"transport": "tcp"}, "host": {"hostname": "semanticos-node", "os": {"platform": "linux", "family": "alpine"}}}
{"@timestamp": "2026-05-29T18:30:10.062111346Z", "event": {"kind": "event", "category": "network", "type": "denied", "dataset": "ebpf.network", "action": "drop"}, "network": {"transport": "tcp"}, "host": {"hostname": "semanticos-node", "os": {"platform": "linux", "family": "alpine"}}}
{"@timestamp": "2026-05-29T18:30:12.063530597Z", "event": {"kind": "event", "category": "network", "type": "denied", "dataset": "ebpf.network", "action": "drop"}, "network": {"transport": "tcp"}, "host": {"hostname": "semanticos-node", "os": {"platform": "linux", "family": "alpine"}}}
{"@timestamp": "2026-05-29T18:30:14.061561833Z", "event": {"kind": "event", "category": "network", "type": "denied", "dataset": "ebpf.network", "action": "drop"}, "network": {"transport": "tcp"}, "host": {"hostname": "semanticos-node", "os": {"platform": "linux", "family": "alpine"}}}
{"@timestamp": "2026-05-29T18:30:16.059766626Z", "event": {"kind": "event", "category": "network", "type": "denied", "dataset": "ebpf.network", "action": "drop"}, "network": {"transport": "tcp"}, "host": {"hostname": "semanticos-node", "os": {"platform": "linux", "family": "alpine"}}}
{"@timestamp": "2026-05-29T18:30:18.061782627Z", "event": {"kind": "event", "category": "network", "type": "denied", "dataset": "ebpf.network", "action": "drop"}, "network": {"transport": "tcp"}, "host": {"hostname": "semanticos-node", "os": {"platform": "linux", "family": "alpine"}}}
{"@timestamp": "2026-05-29T18:30:20.062013961Z", "event": {"kind": "event", "category": "network", "type": "denied", "dataset": "ebpf.network", "action": "drop"}, "network": {"transport": "tcp"}, "host": {"hostname": "semanticos-node", "os": {"platform": "linux", "family": "alpine"}}}
{"@timestamp": "2026-05-29T18:30:22.060578546Z", "event": {"kind": "event", "category": "network", "type": "denied", "dataset": "ebpf.network", "action": "drop"}, "network": {"transport": "tcp"}, "host": {"hostname": "semanticos-node", "os": {"platform": "linux", "family": "alpine"}}}
{"@timestamp": "2026-05-29T18:30:24.062252838Z", "event": {"kind": "event", "category": "network", "type": "denied", "dataset": "ebpf.network", "action": "drop"}, "network": {"transport": "tcp"}, "host": {"hostname": "semanticos-node", "os": {"platform": "linux", "family": "alpine"}}}
{"@timestamp": "2026-05-29T18:30:26.061000631Z", "event": {"kind": "event", "category": "network", "type": "denied", "dataset": "ebpf.network", "action": "drop"}, "network": {"transport": "tcp"}, "host": {"hostname": "semanticos-node", "os": {"platform": "linux", "family": "alpine"}}}
{"@timestamp": "2026-05-29T18:30:28.061750257Z", "event": {"kind": "event", "category": "network", "type": "denied", "dataset": "ebpf.network", "action": "drop"}, "network": {"transport": "tcp"}, "host": {"hostname": "semanticos-node", "os": {"platform": "linux", "family": "alpine"}}}
{"@timestamp": "2026-05-29T18:30:30.061714674Z", "event": {"kind": "event", "category": "network", "type": "denied", "dataset": "ebpf.network", "action": "drop"}, "network": {"transport": "tcp"}, "host": {"hostname": "semanticos-node", "os": {"platform": "linux", "family": "alpine"}}}
{"@timestamp": "2026-05-29T18:30:32.061066384Z", "event": {"kind": "event", "category": "network", "type": "denied", "dataset": "ebpf.network", "action": "drop"}, "network": {"transport": "tcp"}, "host": {"hostname": "semanticos-node", "os": {"platform": "linux", "family": "alpine"}}}
{"@timestamp": "2026-05-29T18:30:34.062671843Z", "event": {"kind": "event", "category": "network", "type": "denied", "dataset": "ebpf.network", "action": "drop"}, "network": {"transport": "tcp"}, "host": {"hostname": "semanticos-node", "os": {"platform": "linux", "family": "alpine"}}}
{"@timestamp": "2026-05-29T18:30:36.061114677Z", "event": {"kind": "event", "category": "network", "type": "denied", "dataset": "ebpf.network", "action": "drop"}, "network": {"transport": "tcp"}, "host": {"hostname": "semanticos-node", "os": {"platform": "linux", "family": "alpine"}}}
{"@timestamp": "2026-05-29T18:30:38.063897012Z", "event": {"kind": "event", "category": "network", "type": "denied", "dataset": "ebpf.network", "action": "drop"}, "network": {"transport": "tcp"}, "host": {"hostname": "semanticos-node", "os": {"platform": "linux", "family": "alpine"}}}
{"@timestamp": "2026-05-29T18:30:40.061511221Z", "event": {"kind": "event", "category": "network", "type": "denied", "dataset": "ebpf.network", "action": "drop"}, "network": {"transport": "tcp"}, "host": {"hostname": "semanticos-node", "os": {"platform": "linux", "family": "alpine"}}}
{"@timestamp": "2026-05-29T18:30:42.06281493Z", "event": {"kind": "event", "category": "network", "type": "denied", "dataset": "ebpf.network", "action": "drop"}, "network": {"transport": "tcp"}, "host": {"hostname": "semanticos-node", "os": {"platform": "linux", "family": "alpine"}}}
{"@timestamp": "2026-05-29T18:30:44.063385125Z", "event": {"kind": "event", "category": "network", "type": "denied", "dataset": "ebpf.network", "action": "drop"}, "network": {"transport": "tcp"}, "host": {"hostname": "semanticos-node", "os": {"platform": "linux", "family": "alpine"}}}
{"@timestamp": "2026-05-29T18:30:46.061111793Z", "event": {"kind": "event", "category": "network", "type": "denied", "dataset": "ebpf.network", "action": "drop"}, "network": {"transport": "tcp"}, "host": {"hostname": "semanticos-node", "os": {"platform": "linux", "family": "alpine"}}}
{"@timestamp": "2026-05-29T18:30:48.064425752Z", "event": {"kind": "event", "category": "network", "type": "denied", "dataset": "ebpf.network", "action": "drop"}, "network": {"transport": "tcp"}, "host": {"hostname": "semanticos-node", "os": {"platform": "linux", "family": "alpine"}}}
{"@timestamp": "2026-05-29T18:30:50.062950961Z", "event": {"kind": "event", "category": "network", "type": "denied", "dataset": "ebpf.network", "action": "drop"}, "network": {"transport": "tcp"}, "host": {"hostname": "semanticos-node", "os": {"platform": "linux", "family": "alpine"}}}
{"@timestamp": "2026-05-29T18:30:52.061118629Z", "event": {"kind": "event", "category": "network", "type": "denied", "dataset": "ebpf.network", "action": "drop"}, "network": {"transport": "tcp"}, "host": {"hostname": "semanticos-node", "os": {"platform": "linux", "family": "alpine"}}}
{"@timestamp": "2026-05-29T18:30:54.060796547Z", "event": {"kind": "event", "category": "network", "type": "denied", "dataset": "ebpf.network", "action": "drop"}, "network": {"transport": "tcp"}, "host": {"hostname": "semanticos-node", "os": {"platform": "linux", "family": "alpine"}}}
{"@timestamp": "2026-05-29T18:30:56.064330672Z", "event": {"kind": "event", "category": "network", "type": "denied", "dataset": "ebpf.network", "action": "drop"}, "network": {"transport": "tcp"}, "host": {"hostname": "semanticos-node", "os": {"platform": "linux", "family": "alpine"}}}
{"@timestamp": "2026-05-29T18:30:58.061889298Z", "event": {"kind": "event", "category": "network", "type": "denied", "dataset": "ebpf.network", "action": "drop"}, "network": {"transport": "tcp"}, "host": {"hostname": "semanticos-node", "os": {"platform": "linux", "family": "alpine"}}}
{"@timestamp": "2026-05-29T18:31:00.062396674Z", "event": {"kind": "event", "category": "network", "type": "denied", "dataset": "ebpf.network", "action": "drop"}, "network": {"transport": "tcp"}, "host": {"hostname": "semanticos-node", "os": {"platform": "linux", "family": "alpine"}}}
{"@timestamp": "2026-05-29T18:31:02.061189175Z", "event": {"kind": "event", "category": "network", "type": "denied", "dataset": "ebpf.network", "action": "drop"}, "network": {"transport": "tcp"}, "host": {"hostname": "semanticos-node", "os": {"platform": "linux", "family": "alpine"}}}
{"@timestamp": "2026-05-29T18:31:04.06395151Z", "event": {"kind": "event", "category": "network", "type": "denied", "dataset": "ebpf.network", "action": "drop"}, "network": {"transport": "tcp"}, "host": {"hostname": "semanticos-node", "os": {"platform": "linux", "family": "alpine"}}}
{"@timestamp": "2026-05-29T18:31:06.061963469Z", "event": {"kind": "event", "category": "network", "type": "denied", "dataset": "ebpf.network", "action": "drop"}, "network": {"transport": "tcp"}, "host": {"hostname": "semanticos-node", "os": {"platform": "linux", "family": "alpine"}}}
{"@timestamp": "2026-05-29T18:31:08.061184428Z", "event": {"kind": "event", "category": "network", "type": "denied", "dataset": "ebpf.network", "action": "drop"}, "network": {"transport": "tcp"}, "host": {"hostname": "semanticos-node", "os": {"platform": "linux", "family": "alpine"}}}
{"@timestamp": "2026-05-29T18:31:10.062876846Z", "event": {"kind": "event", "category": "network", "type": "denied", "dataset": "ebpf.network", "action": "drop"}, "network": {"transport": "tcp"}, "host": {"hostname": "semanticos-node", "os": {"platform": "linux", "family": "alpine"}}}
{"@timestamp": "2026-05-29T18:31:12.062864638Z", "event": {"kind": "event", "category": "network", "type": "denied", "dataset": "ebpf.network", "action": "drop"}, "network": {"transport": "tcp"}, "host": {"hostname": "semanticos-node", "os": {"platform": "linux", "family": "alpine"}}}
{"@timestamp": "2026-05-29T18:31:14.064917583Z", "event": {"kind": "event", "category": "network", "type": "denied", "dataset": "ebpf.network", "action": "drop"}, "network": {"transport": "tcp"}, "host": {"hostname": "semanticos-node", "os": {"platform": "linux", "family": "alpine"}}}
{"@timestamp": "2026-05-29T18:31:16.063163543Z", "event": {"kind": "event", "category": "network", "type": "denied", "dataset": "ebpf.network", "action": "drop"}, "network": {"transport": "tcp"}, "host": {"hostname": "semanticos-node", "os": {"platform": "linux", "family": "alpine"}}}
{"@timestamp": "2026-05-29T18:31:18.061756835Z", "event": {"kind": "event", "category": "network", "type": "denied", "dataset": "ebpf.network", "action": "drop"}, "network": {"transport": "tcp"}, "host": {"hostname": "semanticos-node", "os": {"platform": "linux", "family": "alpine"}}}
{"@timestamp": "2026-05-29T18:31:20.06277842Z", "event": {"kind": "event", "category": "network", "type": "denied", "dataset": "ebpf.network", "action": "drop"}, "network": {"transport": "tcp"}, "host": {"hostname": "semanticos-node", "os": {"platform": "linux", "family": "alpine"}}}
{"@timestamp": "2026-05-29T18:31:22.062628754Z", "event": {"kind": "event", "category": "network", "type": "denied", "dataset": "ebpf.network", "action": "drop"}, "network": {"transport": "tcp"}, "host": {"hostname": "semanticos-node", "os": {"platform": "linux", "family": "alpine"}}}
{"@timestamp": "2026-05-29T18:31:24.06394963Z", "event": {"kind": "event", "category": "network", "type": "denied", "dataset": "ebpf.network", "action": "drop"}, "network": {"transport": "tcp"}, "host": {"hostname": "semanticos-node", "os": {"platform": "linux", "family": "alpine"}}}
{"@timestamp": "2026-05-29T18:31:26.063272339Z", "event": {"kind": "event", "category": "network", "type": "denied", "dataset": "ebpf.network", "action": "drop"}, "network": {"transport": "tcp"}, "host": {"hostname": "semanticos-node", "os": {"platform": "linux", "family": "alpine"}}}
{"@timestamp": "2026-05-29T18:31:28.06348509Z", "event": {"kind": "event", "category": "network", "type": "denied", "dataset": "ebpf.network", "action": "drop"}, "network": {"transport": "tcp"}, "host": {"hostname": "semanticos-node", "os": {"platform": "linux", "family": "alpine"}}}
{"@timestamp": "2026-05-29T18:31:30.062728883Z", "event": {"kind": "event", "category": "network", "type": "denied", "dataset": "ebpf.network", "action": "drop"}, "network": {"transport": "tcp"}, "host": {"hostname": "semanticos-node", "os": {"platform": "linux", "family": "alpine"}}}
{"@timestamp": "2026-05-29T18:31:32.061252467Z", "event": {"kind": "event", "category": "network", "type": "denied", "dataset": "ebpf.network", "action": "drop"}, "network": {"transport": "tcp"}, "host": {"hostname": "semanticos-node", "os": {"platform": "linux", "family": "alpine"}}}
{"@timestamp": "2026-05-29T18:31:34.061528218Z", "event": {"kind": "event", "category": "network", "type": "denied", "dataset": "ebpf.network", "action": "drop"}, "network": {"transport": "tcp"}, "host": {"hostname": "semanticos-node", "os": {"platform": "linux", "family": "alpine"}}}
{"@timestamp": "2026-05-29T18:31:36.061905136Z", "event": {"kind": "event", "category": "network", "type": "denied", "dataset": "ebpf.network", "action": "drop"}, "network": {"transport": "tcp"}, "host": {"hostname": "semanticos-node", "os": {"platform": "linux", "family": "alpine"}}}
{"@timestamp": "2026-05-29T18:31:38.064726387Z", "event": {"kind": "event", "category": "network", "type": "denied", "dataset": "ebpf.network", "action": "drop"}, "network": {"transport": "tcp"}, "host": {"hostname": "semanticos-node", "os": {"platform": "linux", "family": "alpine"}}}
{"@timestamp": "2026-05-29T18:31:40.061273096Z", "event": {"kind": "event", "category": "network", "type": "denied", "dataset": "ebpf.network", "action": "drop"}, "network": {"transport": "tcp"}, "host": {"hostname": "semanticos-node", "os": {"platform": "linux", "family": "alpine"}}}
{"@timestamp": "2026-05-29T18:31:42.062829597Z", "event": {"kind": "event", "category": "network", "type": "denied", "dataset": "ebpf.network", "action": "drop"}, "network": {"transport": "tcp"}, "host": {"hostname": "semanticos-node", "os": {"platform": "linux", "family": "alpine"}}}
{"@timestamp": "2026-05-29T18:31:44.063841208Z", "event": {"kind": "event", "category": "network", "type": "denied", "dataset": "ebpf.network", "action": "drop"}, "network": {"transport": "tcp"}, "host": {"hostname": "semanticos-node", "os": {"platform": "linux", "family": "alpine"}}}
{"@timestamp": "2026-05-29T18:31:46.061838834Z", "event": {"kind": "event", "category": "network", "type": "denied", "dataset": "ebpf.network", "action": "drop"}, "network": {"transport": "tcp"}, "host": {"hostname": "semanticos-node", "os": {"platform": "linux", "family": "alpine"}}}
{"@timestamp": "2026-05-29T18:31:48.063745252Z", "event": {"kind": "event", "category": "network", "type": "denied", "dataset": "ebpf.network", "action": "drop"}, "network": {"transport": "tcp"}, "host": {"hostname": "semanticos-node", "os": {"platform": "linux", "family": "alpine"}}}
{"@timestamp": "2026-05-29T18:31:50.064164711Z", "event": {"kind": "event", "category": "network", "type": "denied", "dataset": "ebpf.network", "action": "drop"}, "network": {"transport": "tcp"}, "host": {"hostname": "semanticos-node", "os": {"platform": "linux", "family": "alpine"}}}
{"@timestamp": "2026-05-29T18:31:52.064378462Z", "event": {"kind": "event", "category": "network", "type": "denied", "dataset": "ebpf.network", "action": "drop"}, "network": {"transport": "tcp"}, "host": {"hostname": "semanticos-node", "os": {"platform": "linux", "family": "alpine"}}}
{"@timestamp": "2026-05-29T18:31:54.063466046Z", "event": {"kind": "event", "category": "network", "type": "denied", "dataset": "ebpf.network", "action": "drop"}, "network": {"transport": "tcp"}, "host": {"hostname": "semanticos-node", "os": {"platform": "linux", "family": "alpine"}}}
{"@timestamp": "2026-05-29T18:31:56.062153006Z", "event": {"kind": "event", "category": "network", "type": "denied", "dataset": "ebpf.network", "action": "drop"}, "network": {"transport": "tcp"}, "host": {"hostname": "semanticos-node", "os": {"platform": "linux", "family": "alpine"}}}
{"@timestamp": "2026-05-29T18:31:58.06354759Z", "event": {"kind": "event", "category": "network", "type": "denied", "dataset": "ebpf.network", "action": "drop"}, "network": {"transport": "tcp"}, "host": {"hostname": "semanticos-node", "os": {"platform": "linux", "family": "alpine"}}}
{"@timestamp": "2026-05-29T18:32:00.063465341Z", "event": {"kind": "event", "category": "network", "type": "denied", "dataset": "ebpf.network", "action": "drop"}, "network": {"transport": "tcp"}, "host": {"hostname": "semanticos-node", "os": {"platform": "linux", "family": "alpine"}}}
{"@timestamp": "2026-05-29T18:32:02.061183675Z", "event": {"kind": "event", "category": "network", "type": "denied", "dataset": "ebpf.network", "action": "drop"}, "network": {"transport": "tcp"}, "host": {"hostname": "semanticos-node", "os": {"platform": "linux", "family": "alpine"}}}
{"@timestamp": "2026-05-29T18:32:04.062427551Z", "event": {"kind": "event", "category": "network", "type": "denied", "dataset": "ebpf.network", "action": "drop"}, "network": {"transport": "tcp"}, "host": {"hostname": "semanticos-node", "os": {"platform": "linux", "family": "alpine"}}}
{"@timestamp": "2026-05-29T18:32:06.062880177Z", "event": {"kind": "event", "category": "network", "type": "denied", "dataset": "ebpf.network", "action": "drop"}, "network": {"transport": "tcp"}, "host": {"hostname": "semanticos-node", "os": {"platform": "linux", "family": "alpine"}}}
{"@timestamp": "2026-05-29T18:32:08.063937553Z", "event": {"kind": "event", "category": "network", "type": "denied", "dataset": "ebpf.network", "action": "drop"}, "network": {"transport": "tcp"}, "host": {"hostname": "semanticos-node", "os": {"platform": "linux", "family": "alpine"}}}
{"@timestamp": "2026-05-29T18:32:10.062279137Z", "event": {"kind": "event", "category": "network", "type": "denied", "dataset": "ebpf.network", "action": "drop"}, "network": {"transport": "tcp"}, "host": {"hostname": "semanticos-node", "os": {"platform": "linux", "family": "alpine"}}}
{"@timestamp": "2026-05-29T18:32:12.063889847Z", "event": {"kind": "event", "category": "network", "type": "denied", "dataset": "ebpf.network", "action": "drop"}, "network": {"transport": "tcp"}, "host": {"hostname": "semanticos-node", "os": {"platform": "linux", "family": "alpine"}}}
{"@timestamp": "2026-05-29T18:32:14.062044458Z", "event": {"kind": "event", "category": "network", "type": "denied", "dataset": "ebpf.network", "action": "drop"}, "network": {"transport": "tcp"}, "host": {"hostname": "semanticos-node", "os": {"platform": "linux", "family": "alpine"}}}
{"@timestamp": "2026-05-29T18:32:16.062146793Z", "event": {"kind": "event", "category": "network", "type": "denied", "dataset": "ebpf.network", "action": "drop"}, "network": {"transport": "tcp"}, "host": {"hostname": "semanticos-node", "os": {"platform": "linux", "family": "alpine"}}}
{"@timestamp": "2026-05-29T18:32:18.063386877Z", "event": {"kind": "event", "category": "network", "type": "denied", "dataset": "ebpf.network", "action": "drop"}, "network": {"transport": "tcp"}, "host": {"hostname": "semanticos-node", "os": {"platform": "linux", "family": "alpine"}}}
{"@timestamp": "2026-05-29T18:32:20.065958836Z", "event": {"kind": "event", "category": "network", "type": "denied", "dataset": "ebpf.network", "action": "drop"}, "network": {"transport": "tcp"}, "host": {"hostname": "semanticos-node", "os": {"platform": "linux", "family": "alpine"}}}
{"@timestamp": "2026-05-29T18:32:22.064109504Z", "event": {"kind": "event", "category": "network", "type": "denied", "dataset": "ebpf.network", "action": "drop"}, "network": {"transport": "tcp"}, "host": {"hostname": "semanticos-node", "os": {"platform": "linux", "family": "alpine"}}}
{"@timestamp": "2026-05-29T18:32:24.064854796Z", "event": {"kind": "event", "category": "network", "type": "denied", "dataset": "ebpf.network", "action": "drop"}, "network": {"transport": "tcp"}, "host": {"hostname": "semanticos-node", "os": {"platform": "linux", "family": "alpine"}}}
{"@timestamp": "2026-05-29T18:32:26.063433714Z", "event": {"kind": "event", "category": "network", "type": "denied", "dataset": "ebpf.network", "action": "drop"}, "network": {"transport": "tcp"}, "host": {"hostname": "semanticos-node", "os": {"platform": "linux", "family": "alpine"}}}
{"@timestamp": "2026-05-29T18:32:28.064514173Z", "event": {"kind": "event", "category": "network", "type": "denied", "dataset": "ebpf.network", "action": "drop"}, "network": {"transport": "tcp"}, "host": {"hostname": "semanticos-node", "os": {"platform": "linux", "family": "alpine"}}}
{"@timestamp": "2026-05-29T18:32:30.062882466Z", "event": {"kind": "event", "category": "network", "type": "denied", "dataset": "ebpf.network", "action": "drop"}, "network": {"transport": "tcp"}, "host": {"hostname": "semanticos-node", "os": {"platform": "linux", "family": "alpine"}}}
{"@timestamp": "2026-05-29T18:32:32.064288134Z", "event": {"kind": "event", "category": "network", "type": "denied", "dataset": "ebpf.network", "action": "drop"}, "network": {"transport": "tcp"}, "host": {"hostname": "semanticos-node", "os": {"platform": "linux", "family": "alpine"}}}
{"@timestamp": "2026-05-29T18:32:34.064077968Z", "event": {"kind": "event", "category": "network", "type": "denied", "dataset": "ebpf.network", "action": "drop"}, "network": {"transport": "tcp"}, "host": {"hostname": "semanticos-node", "os": {"platform": "linux", "family": "alpine"}}}
{"@timestamp": "2026-05-29T18:32:36.063127136Z", "event": {"kind": "event", "category": "network", "type": "denied", "dataset": "ebpf.network", "action": "drop"}, "network": {"transport": "tcp"}, "host": {"hostname": "semanticos-node", "os": {"platform": "linux", "family": "alpine"}}}
{"@timestamp": "2026-05-29T18:32:38.065238803Z", "event": {"kind": "event", "category": "network", "type": "denied", "dataset": "ebpf.network", "action": "drop"}, "network": {"transport": "tcp"}, "host": {"hostname": "semanticos-node", "os": {"platform": "linux", "family": "alpine"}}}
{"@timestamp": "2026-05-29T18:32:40.065370929Z", "event": {"kind": "event", "category": "network", "type": "denied", "dataset": "ebpf.network", "action": "drop"}, "network": {"transport": "tcp"}, "host": {"hostname": "semanticos-node", "os": {"platform": "linux", "family": "alpine"}}}
{"@timestamp": "2026-05-29T18:32:42.064020055Z", "event": {"kind": "event", "category": "network", "type": "denied", "dataset": "ebpf.network", "action": "drop"}, "network": {"transport": "tcp"}, "host": {"hostname": "semanticos-node", "os": {"platform": "linux", "family": "alpine"}}}
{"@timestamp": "2026-05-29T18:32:44.065081375Z", "event": {"kind": "event", "category": "network", "type": "denied", "dataset": "ebpf.network", "action": "drop"}, "network": {"transport": "tcp"}, "host": {"hostname": "semanticos-node", "os": {"platform": "linux", "family": "alpine"}}}
{"@timestamp": "2026-05-29T18:32:46.064366168Z", "event": {"kind": "event", "category": "network", "type": "denied", "dataset": "ebpf.network", "action": "drop"}, "network": {"transport": "tcp"}, "host": {"hostname": "semanticos-node", "os": {"platform": "linux", "family": "alpine"}}}
{"@timestamp": "2026-05-29T18:32:48.06627896Z", "event": {"kind": "event", "category": "network", "type": "denied", "dataset": "ebpf.network", "action": "drop"}, "network": {"transport": "tcp"}, "host": {"hostname": "semanticos-node", "os": {"platform": "linux", "family": "alpine"}}}
{"@timestamp": "2026-05-29T18:32:50.064636336Z", "event": {"kind": "event", "category": "network", "type": "denied", "dataset": "ebpf.network", "action": "drop"}, "network": {"transport": "tcp"}, "host": {"hostname": "semanticos-node", "os": {"platform": "linux", "family": "alpine"}}}
{"@timestamp": "2026-05-29T18:32:52.066974046Z", "event": {"kind": "event", "category": "network", "type": "denied", "dataset": "ebpf.network", "action": "drop"}, "network": {"transport": "tcp"}, "host": {"hostname": "semanticos-node", "os": {"platform": "linux", "family": "alpine"}}}
{"@timestamp": "2026-05-29T18:32:54.064928213Z", "event": {"kind": "event", "category": "network", "type": "denied", "dataset": "ebpf.network", "action": "drop"}, "network": {"transport": "tcp"}, "host": {"hostname": "semanticos-node", "os": {"platform": "linux", "family": "alpine"}}}
{"@timestamp": "2026-05-29T18:32:56.064673131Z", "event": {"kind": "event", "category": "network", "type": "denied", "dataset": "ebpf.network", "action": "drop"}, "network": {"transport": "tcp"}, "host": {"hostname": "semanticos-node", "os": {"platform": "linux", "family": "alpine"}}}
{"@timestamp": "2026-05-29T18:32:58.064707298Z", "event": {"kind": "event", "category": "network", "type": "denied", "dataset": "ebpf.network", "action": "drop"}, "network": {"transport": "tcp"}, "host": {"hostname": "semanticos-node", "os": {"platform": "linux", "family": "alpine"}}}
{"@timestamp": "2026-05-29T18:33:00.065865133Z", "event": {"kind": "event", "category": "network", "type": "denied", "dataset": "ebpf.network", "action": "drop"}, "network": {"transport": "tcp"}, "host": {"hostname": "semanticos-node", "os": {"platform": "linux", "family": "alpine"}}}
{"@timestamp": "2026-05-29T18:33:02.064301967Z", "event": {"kind": "event", "category": "network", "type": "denied", "dataset": "ebpf.network", "action": "drop"}, "network": {"transport": "tcp"}, "host": {"hostname": "semanticos-node", "os": {"platform": "linux", "family": "alpine"}}}
{"@timestamp": "2026-05-29T18:33:04.064795301Z", "event": {"kind": "event", "category": "network", "type": "denied", "dataset": "ebpf.network", "action": "drop"}, "network": {"transport": "tcp"}, "host": {"hostname": "semanticos-node", "os": {"platform": "linux", "family": "alpine"}}}
{"@timestamp": "2026-05-29T18:33:06.062727636Z", "event": {"kind": "event", "category": "network", "type": "denied", "dataset": "ebpf.network", "action": "drop"}, "network": {"transport": "tcp"}, "host": {"hostname": "semanticos-node", "os": {"platform": "linux", "family": "alpine"}}}
{"@timestamp": "2026-05-29T18:33:08.064755845Z", "event": {"kind": "event", "category": "network", "type": "denied", "dataset": "ebpf.network", "action": "drop"}, "network": {"transport": "tcp"}, "host": {"hostname": "semanticos-node", "os": {"platform": "linux", "family": "alpine"}}}
{"@timestamp": "2026-05-29T18:33:10.065416512Z", "event": {"kind": "event", "category": "network", "type": "denied", "dataset": "ebpf.network", "action": "drop"}, "network": {"transport": "tcp"}, "host": {"hostname": "semanticos-node", "os": {"platform": "linux", "family": "alpine"}}}
{"@timestamp": "2026-05-29T18:33:12.062609638Z", "event": {"kind": "event", "category": "network", "type": "denied", "dataset": "ebpf.network", "action": "drop"}, "network": {"transport": "tcp"}, "host": {"hostname": "semanticos-node", "os": {"platform": "linux", "family": "alpine"}}}
{"@timestamp": "2026-05-29T18:33:14.063682708Z", "event": {"kind": "event", "category": "network", "type": "denied", "dataset": "ebpf.network", "action": "drop"}, "network": {"transport": "tcp"}, "host": {"hostname": "semanticos-node", "os": {"platform": "linux", "family": "alpine"}}}
{"@timestamp": "2026-05-29T18:33:16.063259334Z", "event": {"kind": "event", "category": "network", "type": "denied", "dataset": "ebpf.network", "action": "drop"}, "network": {"transport": "tcp"}, "host": {"hostname": "semanticos-node", "os": {"platform": "linux", "family": "alpine"}}}
{"@timestamp": "2026-05-29T18:33:18.065923044Z", "event": {"kind": "event", "category": "network", "type": "denied", "dataset": "ebpf.network", "action": "drop"}, "network": {"transport": "tcp"}, "host": {"hostname": "semanticos-node", "os": {"platform": "linux", "family": "alpine"}}}
{"@timestamp": "2026-05-29T18:33:20.063946086Z", "event": {"kind": "event", "category": "network", "type": "denied", "dataset": "ebpf.network", "action": "drop"}, "network": {"transport": "tcp"}, "host": {"hostname": "semanticos-node", "os": {"platform": "linux", "family": "alpine"}}}
{"@timestamp": "2026-05-29T18:33:22.063002337Z", "event": {"kind": "event", "category": "network", "type": "denied", "dataset": "ebpf.network", "action": "drop"}, "network": {"transport": "tcp"}, "host": {"hostname": "semanticos-node", "os": {"platform": "linux", "family": "alpine"}}}
{"@timestamp": "2026-05-29T18:33:24.063424046Z", "event": {"kind": "event", "category": "network", "type": "denied", "dataset": "ebpf.network", "action": "drop"}, "network": {"transport": "tcp"}, "host": {"hostname": "semanticos-node", "os": {"platform": "linux", "family": "alpine"}}}
{"@timestamp": "2026-05-29T18:33:26.062448172Z", "event": {"kind": "event", "category": "network", "type": "denied", "dataset": "ebpf.network", "action": "drop"}, "network": {"transport": "tcp"}, "host": {"hostname": "semanticos-node", "os": {"platform": "linux", "family": "alpine"}}}
{"@timestamp": "2026-05-29T18:33:28.063333715Z", "event": {"kind": "event", "category": "network", "type": "denied", "dataset": "ebpf.network", "action": "drop"}, "network": {"transport": "tcp"}, "host": {"hostname": "semanticos-node", "os": {"platform": "linux", "family": "alpine"}}}
{"@timestamp": "2026-05-29T18:33:30.062379383Z", "event": {"kind": "event", "category": "network", "type": "denied", "dataset": "ebpf.network", "action": "drop"}, "network": {"transport": "tcp"}, "host": {"hostname": "semanticos-node", "os": {"platform": "linux", "family": "alpine"}}}
{"@timestamp": "2026-05-29T18:33:32.06404655Z", "event": {"kind": "event", "category": "network", "type": "denied", "dataset": "ebpf.network", "action": "drop"}, "network": {"transport": "tcp"}, "host": {"hostname": "semanticos-node", "os": {"platform": "linux", "family": "alpine"}}}
{"@timestamp": "2026-05-29T18:33:34.065573468Z", "event": {"kind": "event", "category": "network", "type": "denied", "dataset": "ebpf.network", "action": "drop"}, "network": {"transport": "tcp"}, "host": {"hostname": "semanticos-node", "os": {"platform": "linux", "family": "alpine"}}}
{"@timestamp": "2026-05-29T18:33:36.064430886Z", "event": {"kind": "event", "category": "network", "type": "denied", "dataset": "ebpf.network", "action": "drop"}, "network": {"transport": "tcp"}, "host": {"hostname": "semanticos-node", "os": {"platform": "linux", "family": "alpine"}}}
{"@timestamp": "2026-05-29T18:33:38.06366022Z", "event": {"kind": "event", "category": "network", "type": "denied", "dataset": "ebpf.network", "action": "drop"}, "network": {"transport": "tcp"}, "host": {"hostname": "semanticos-node", "os": {"platform": "linux", "family": "alpine"}}}
{"@timestamp": "2026-05-29T18:33:40.065459929Z", "event": {"kind": "event", "category": "network", "type": "denied", "dataset": "ebpf.network", "action": "drop"}, "network": {"transport": "tcp"}, "host": {"hostname": "semanticos-node", "os": {"platform": "linux", "family": "alpine"}}}
{"@timestamp": "2026-05-29T18:33:42.065727305Z", "event": {"kind": "event", "category": "network", "type": "denied", "dataset": "ebpf.network", "action": "drop"}, "network": {"transport": "tcp"}, "host": {"hostname": "semanticos-node", "os": {"platform": "linux", "family": "alpine"}}}
{"@timestamp": "2026-05-29T18:33:44.064933542Z", "event": {"kind": "event", "category": "network", "type": "denied", "dataset": "ebpf.network", "action": "drop"}, "network": {"transport": "tcp"}, "host": {"hostname": "semanticos-node", "os": {"platform": "linux", "family": "alpine"}}}
{"@timestamp": "2026-05-29T18:33:46.064802834Z", "event": {"kind": "event", "category": "network", "type": "denied", "dataset": "ebpf.network", "action": "drop"}, "network": {"transport": "tcp"}, "host": {"hostname": "semanticos-node", "os": {"platform": "linux", "family": "alpine"}}}
{"@timestamp": "2026-05-29T18:33:48.067095919Z", "event": {"kind": "event", "category": "network", "type": "denied", "dataset": "ebpf.network", "action": "drop"}, "network": {"transport": "tcp"}, "host": {"hostname": "semanticos-node", "os": {"platform": "linux", "family": "alpine"}}}
{"@timestamp": "2026-05-29T18:33:50.062978211Z", "event": {"kind": "event", "category": "network", "type": "denied", "dataset": "ebpf.network", "action": "drop"}, "network": {"transport": "tcp"}, "host": {"hostname": "semanticos-node", "os": {"platform": "linux", "family": "alpine"}}}
{"@timestamp": "2026-05-29T18:33:52.065760712Z", "event": {"kind": "event", "category": "network", "type": "denied", "dataset": "ebpf.network", "action": "drop"}, "network": {"transport": "tcp"}, "host": {"hostname": "semanticos-node", "os": {"platform": "linux", "family": "alpine"}}}
{"@timestamp": "2026-05-29T18:33:54.064557046Z", "event": {"kind": "event", "category": "network", "type": "denied", "dataset": "ebpf.network", "action": "drop"}, "network": {"transport": "tcp"}, "host": {"hostname": "semanticos-node", "os": {"platform": "linux", "family": "alpine"}}}
{"@timestamp": "2026-05-29T18:33:56.064833714Z", "event": {"kind": "event", "category": "network", "type": "denied", "dataset": "ebpf.network", "action": "drop"}, "network": {"transport": "tcp"}, "host": {"hostname": "semanticos-node", "os": {"platform": "linux", "family": "alpine"}}}
{"@timestamp": "2026-05-29T18:33:58.064848548Z", "event": {"kind": "event", "category": "network", "type": "denied", "dataset": "ebpf.network", "action": "drop"}, "network": {"transport": "tcp"}, "host": {"hostname": "semanticos-node", "os": {"platform": "linux", "family": "alpine"}}}
{"@timestamp": "2026-05-29T18:34:00.062811841Z", "event": {"kind": "event", "category": "network", "type": "denied", "dataset": "ebpf.network", "action": "drop"}, "network": {"transport": "tcp"}, "host": {"hostname": "semanticos-node", "os": {"platform": "linux", "family": "alpine"}}}
{"@timestamp": "2026-05-29T18:34:02.065058175Z", "event": {"kind": "event", "category": "network", "type": "denied", "dataset": "ebpf.network", "action": "drop"}, "network": {"transport": "tcp"}, "host": {"hostname": "semanticos-node", "os": {"platform": "linux", "family": "alpine"}}}
{"@timestamp": "2026-05-29T18:34:04.064684968Z", "event": {"kind": "event", "category": "network", "type": "denied", "dataset": "ebpf.network", "action": "drop"}, "network": {"transport": "tcp"}, "host": {"hostname": "semanticos-node", "os": {"platform": "linux", "family": "alpine"}}}
{"@timestamp": "2026-05-29T18:34:06.064602177Z", "event": {"kind": "event", "category": "network", "type": "denied", "dataset": "ebpf.network", "action": "drop"}, "network": {"transport": "tcp"}, "host": {"hostname": "semanticos-node", "os": {"platform": "linux", "family": "alpine"}}}
{"@timestamp": "2026-05-29T18:34:08.066181678Z", "event": {"kind": "event", "category": "network", "type": "denied", "dataset": "ebpf.network", "action": "drop"}, "network": {"transport": "tcp"}, "host": {"hostname": "semanticos-node", "os": {"platform": "linux", "family": "alpine"}}}
{"@timestamp": "2026-05-29T18:34:10.064027804Z", "event": {"kind": "event", "category": "network", "type": "denied", "dataset": "ebpf.network", "action": "drop"}, "network": {"transport": "tcp"}, "host": {"hostname": "semanticos-node", "os": {"platform": "linux", "family": "alpine"}}}
{"@timestamp": "2026-05-29T18:34:12.062897638Z", "event": {"kind": "event", "category": "network", "type": "denied", "dataset": "ebpf.network", "action": "drop"}, "network": {"transport": "tcp"}, "host": {"hostname": "semanticos-node", "os": {"platform": "linux", "family": "alpine"}}}
{"@timestamp": "2026-05-29T18:34:14.066410375Z", "event": {"kind": "event", "category": "network", "type": "denied", "dataset": "ebpf.network", "action": "drop"}, "network": {"transport": "tcp"}, "host": {"hostname": "semanticos-node", "os": {"platform": "linux", "family": "alpine"}}}
{"@timestamp": "2026-05-29T18:34:16.064493918Z", "event": {"kind": "event", "category": "network", "type": "denied", "dataset": "ebpf.network", "action": "drop"}, "network": {"transport": "tcp"}, "host": {"hostname": "semanticos-node", "os": {"platform": "linux", "family": "alpine"}}}
{"@timestamp": "2026-05-29T18:34:18.065524669Z", "event": {"kind": "event", "category": "network", "type": "denied", "dataset": "ebpf.network", "action": "drop"}, "network": {"transport": "tcp"}, "host": {"hostname": "semanticos-node", "os": {"platform": "linux", "family": "alpine"}}}
{"@timestamp": "2026-05-29T18:34:20.065938711Z", "event": {"kind": "event", "category": "network", "type": "denied", "dataset": "ebpf.network", "action": "drop"}, "network": {"transport": "tcp"}, "host": {"hostname": "semanticos-node", "os": {"platform": "linux", "family": "alpine"}}}
{"@timestamp": "2026-05-29T18:34:22.065918546Z", "event": {"kind": "event", "category": "network", "type": "denied", "dataset": "ebpf.network", "action": "drop"}, "network": {"transport": "tcp"}, "host": {"hostname": "semanticos-node", "os": {"platform": "linux", "family": "alpine"}}}
{"@timestamp": "2026-05-29T18:34:24.06643413Z", "event": {"kind": "event", "category": "network", "type": "denied", "dataset": "ebpf.network", "action": "drop"}, "network": {"transport": "tcp"}, "host": {"hostname": "semanticos-node", "os": {"platform": "linux", "family": "alpine"}}}
{"@timestamp": "2026-05-29T18:34:26.064533589Z", "event": {"kind": "event", "category": "network", "type": "denied", "dataset": "ebpf.network", "action": "drop"}, "network": {"transport": "tcp"}, "host": {"hostname": "semanticos-node", "os": {"platform": "linux", "family": "alpine"}}}
{"@timestamp": "2026-05-29T18:34:28.067111048Z", "event": {"kind": "event", "category": "network", "type": "denied", "dataset": "ebpf.network", "action": "drop"}, "network": {"transport": "tcp"}, "host": {"hostname": "semanticos-node", "os": {"platform": "linux", "family": "alpine"}}}
{"@timestamp": "2026-05-29T18:34:30.064143924Z", "event": {"kind": "event", "category": "network", "type": "denied", "dataset": "ebpf.network", "action": "drop"}, "network": {"transport": "tcp"}, "host": {"hostname": "semanticos-node", "os": {"platform": "linux", "family": "alpine"}}}
{"@timestamp": "2026-05-29T18:34:32.06546555Z", "event": {"kind": "event", "category": "network", "type": "denied", "dataset": "ebpf.network", "action": "drop"}, "network": {"transport": "tcp"}, "host": {"hostname": "semanticos-node", "os": {"platform": "linux", "family": "alpine"}}}
{"@timestamp": "2026-05-29T18:34:34.065178218Z", "event": {"kind": "event", "category": "network", "type": "denied", "dataset": "ebpf.network", "action": "drop"}, "network": {"transport": "tcp"}, "host": {"hostname": "semanticos-node", "os": {"platform": "linux", "family": "alpine"}}}
{"@timestamp": "2026-05-29T18:34:36.065523552Z", "event": {"kind": "event", "category": "network", "type": "denied", "dataset": "ebpf.network", "action": "drop"}, "network": {"transport": "tcp"}, "host": {"hostname": "semanticos-node", "os": {"platform": "linux", "family": "alpine"}}}
{"@timestamp": "2026-05-29T18:34:38.06635447Z", "event": {"kind": "event", "category": "network", "type": "denied", "dataset": "ebpf.network", "action": "drop"}, "network": {"transport": "tcp"}, "host": {"hostname": "semanticos-node", "os": {"platform": "linux", "family": "alpine"}}}
{"@timestamp": "2026-05-29T18:34:40.066730346Z", "event": {"kind": "event", "category": "network", "type": "denied", "dataset": "ebpf.network", "action": "drop"}, "network": {"transport": "tcp"}, "host": {"hostname": "semanticos-node", "os": {"platform": "linux", "family": "alpine"}}}
{"@timestamp": "2026-05-29T18:34:42.063190638Z", "event": {"kind": "event", "category": "network", "type": "denied", "dataset": "ebpf.network", "action": "drop"}, "network": {"transport": "tcp"}, "host": {"hostname": "semanticos-node", "os": {"platform": "linux", "family": "alpine"}}}
{"@timestamp": "2026-05-29T18:34:44.063912292Z", "event": {"kind": "event", "category": "network", "type": "denied", "dataset": "ebpf.network", "action": "drop"}, "network": {"transport": "tcp"}, "host": {"hostname": "semanticos-node", "os": {"platform": "linux", "family": "alpine"}}}
{"@timestamp": "2026-05-29T18:34:46.065724959Z", "event": {"kind": "event", "category": "network", "type": "denied", "dataset": "ebpf.network", "action": "drop"}, "network": {"transport": "tcp"}, "host": {"hostname": "semanticos-node", "os": {"platform": "linux", "family": "alpine"}}}
{"@timestamp": "2026-05-29T18:34:48.065339169Z", "event": {"kind": "event", "category": "network", "type": "denied", "dataset": "ebpf.network", "action": "drop"}, "network": {"transport": "tcp"}, "host": {"hostname": "semanticos-node", "os": {"platform": "linux", "family": "alpine"}}}
{"@timestamp": "2026-05-29T18:34:50.06470667Z", "event": {"kind": "event", "category": "network", "type": "denied", "dataset": "ebpf.network", "action": "drop"}, "network": {"transport": "tcp"}, "host": {"hostname": "semanticos-node", "os": {"platform": "linux", "family": "alpine"}}}
{"@timestamp": "2026-05-29T18:34:52.065746962Z", "event": {"kind": "event", "category": "network", "type": "denied", "dataset": "ebpf.network", "action": "drop"}, "network": {"transport": "tcp"}, "host": {"hostname": "semanticos-node", "os": {"platform": "linux", "family": "alpine"}}}
{"@timestamp": "2026-05-29T18:34:54.067064255Z", "event": {"kind": "event", "category": "network", "type": "denied", "dataset": "ebpf.network", "action": "drop"}, "network": {"transport": "tcp"}, "host": {"hostname": "semanticos-node", "os": {"platform": "linux", "family": "alpine"}}}
{"@timestamp": "2026-05-29T18:34:56.066054964Z", "event": {"kind": "event", "category": "network", "type": "denied", "dataset": "ebpf.network", "action": "drop"}, "network": {"transport": "tcp"}, "host": {"hostname": "semanticos-node", "os": {"platform": "linux", "family": "alpine"}}}
{"@timestamp": "2026-05-29T18:34:58.067012048Z", "event": {"kind": "event", "category": "network", "type": "denied", "dataset": "ebpf.network", "action": "drop"}, "network": {"transport": "tcp"}, "host": {"hostname": "semanticos-node", "os": {"platform": "linux", "family": "alpine"}}}
{"@timestamp": "2026-05-29T18:35:00.065842799Z", "event": {"kind": "event", "category": "network", "type": "denied", "dataset": "ebpf.network", "action": "drop"}, "network": {"transport": "tcp"}, "host": {"hostname": "semanticos-node", "os": {"platform": "linux", "family": "alpine"}}}
{"@timestamp": "2026-05-29T18:35:02.064770467Z", "event": {"kind": "event", "category": "network", "type": "denied", "dataset": "ebpf.network", "action": "drop"}, "network": {"transport": "tcp"}, "host": {"hostname": "semanticos-node", "os": {"platform": "linux", "family": "alpine"}}}
{"@timestamp": "2026-05-29T18:35:04.06551501Z", "event": {"kind": "event", "category": "network", "type": "denied", "dataset": "ebpf.network", "action": "drop"}, "network": {"transport": "tcp"}, "host": {"hostname": "semanticos-node", "os": {"platform": "linux", "family": "alpine"}}}
{"@timestamp": "2026-05-29T18:35:06.064499761Z", "event": {"kind": "event", "category": "network", "type": "denied", "dataset": "ebpf.network", "action": "drop"}, "network": {"transport": "tcp"}, "host": {"hostname": "semanticos-node", "os": {"platform": "linux", "family": "alpine"}}}
{"@timestamp": "2026-05-29T18:35:08.066720428Z", "event": {"kind": "event", "category": "network", "type": "denied", "dataset": "ebpf.network", "action": "drop"}, "network": {"transport": "tcp"}, "host": {"hostname": "semanticos-node", "os": {"platform": "linux", "family": "alpine"}}}
{"@timestamp": "2026-05-29T18:35:10.066490429Z", "event": {"kind": "event", "category": "network", "type": "denied", "dataset": "ebpf.network", "action": "drop"}, "network": {"transport": "tcp"}, "host": {"hostname": "semanticos-node", "os": {"platform": "linux", "family": "alpine"}}}
{"@timestamp": "2026-05-29T18:35:12.06514268Z", "event": {"kind": "event", "category": "network", "type": "denied", "dataset": "ebpf.network", "action": "drop"}, "network": {"transport": "tcp"}, "host": {"hostname": "semanticos-node", "os": {"platform": "linux", "family": "alpine"}}}
{"@timestamp": "2026-05-29T18:35:14.064953792Z", "event": {"kind": "event", "category": "network", "type": "denied", "dataset": "ebpf.network", "action": "drop"}, "network": {"transport": "tcp"}, "host": {"hostname": "semanticos-node", "os": {"platform": "linux", "family": "alpine"}}}
{"@timestamp": "2026-05-29T18:35:16.067139751Z", "event": {"kind": "event", "category": "network", "type": "denied", "dataset": "ebpf.network", "action": "drop"}, "network": {"transport": "tcp"}, "host": {"hostname": "semanticos-node", "os": {"platform": "linux", "family": "alpine"}}}
{"@timestamp": "2026-05-29T18:35:18.065458877Z", "event": {"kind": "event", "category": "network", "type": "denied", "dataset": "ebpf.network", "action": "drop"}, "network": {"transport": "tcp"}, "host": {"hostname": "semanticos-node", "os": {"platform": "linux", "family": "alpine"}}}
{"@timestamp": "2026-05-29T18:35:20.064618711Z", "event": {"kind": "event", "category": "network", "type": "denied", "dataset": "ebpf.network", "action": "drop"}, "network": {"transport": "tcp"}, "host": {"hostname": "semanticos-node", "os": {"platform": "linux", "family": "alpine"}}}
{"@timestamp": "2026-05-29T18:35:22.064555796Z", "event": {"kind": "event", "category": "network", "type": "denied", "dataset": "ebpf.network", "action": "drop"}, "network": {"transport": "tcp"}, "host": {"hostname": "semanticos-node", "os": {"platform": "linux", "family": "alpine"}}}
{"@timestamp": "2026-05-29T18:35:24.066735171Z", "event": {"kind": "event", "category": "network", "type": "denied", "dataset": "ebpf.network", "action": "drop"}, "network": {"transport": "tcp"}, "host": {"hostname": "semanticos-node", "os": {"platform": "linux", "family": "alpine"}}}
{"@timestamp": "2026-05-29T18:35:26.064431839Z", "event": {"kind": "event", "category": "network", "type": "denied", "dataset": "ebpf.network", "action": "drop"}, "network": {"transport": "tcp"}, "host": {"hostname": "semanticos-node", "os": {"platform": "linux", "family": "alpine"}}}
{"@timestamp": "2026-05-29T18:35:28.066249173Z", "event": {"kind": "event", "category": "network", "type": "denied", "dataset": "ebpf.network", "action": "drop"}, "network": {"transport": "tcp"}, "host": {"hostname": "semanticos-node", "os": {"platform": "linux", "family": "alpine"}}}
{"@timestamp": "2026-05-29T18:35:30.065460258Z", "event": {"kind": "event", "category": "network", "type": "denied", "dataset": "ebpf.network", "action": "drop"}, "network": {"transport": "tcp"}, "host": {"hostname": "semanticos-node", "os": {"platform": "linux", "family": "alpine"}}}
{"@timestamp": "2026-05-29T18:35:32.064229425Z", "event": {"kind": "event", "category": "network", "type": "denied", "dataset": "ebpf.network", "action": "drop"}, "network": {"transport": "tcp"}, "host": {"hostname": "semanticos-node", "os": {"platform": "linux", "family": "alpine"}}}
{"@timestamp": "2026-05-29T18:35:34.066379135Z", "event": {"kind": "event", "category": "network", "type": "denied", "dataset": "ebpf.network", "action": "drop"}, "network": {"transport": "tcp"}, "host": {"hostname": "semanticos-node", "os": {"platform": "linux", "family": "alpine"}}}
{"@timestamp": "2026-05-29T18:35:36.066088802Z", "event": {"kind": "event", "category": "network", "type": "denied", "dataset": "ebpf.network", "action": "drop"}, "network": {"transport": "tcp"}, "host": {"hostname": "semanticos-node", "os": {"platform": "linux", "family": "alpine"}}}
{"@timestamp": "2026-05-29T18:35:38.065551928Z", "event": {"kind": "event", "category": "network", "type": "denied", "dataset": "ebpf.network", "action": "drop"}, "network": {"transport": "tcp"}, "host": {"hostname": "semanticos-node", "os": {"platform": "linux", "family": "alpine"}}}
{"@timestamp": "2026-05-29T18:35:40.065745012Z", "event": {"kind": "event", "category": "network", "type": "denied", "dataset": "ebpf.network", "action": "drop"}, "network": {"transport": "tcp"}, "host": {"hostname": "semanticos-node", "os": {"platform": "linux", "family": "alpine"}}}
{"@timestamp": "2026-05-29T18:35:42.064592347Z", "event": {"kind": "event", "category": "network", "type": "denied", "dataset": "ebpf.network", "action": "drop"}, "network": {"transport": "tcp"}, "host": {"hostname": "semanticos-node", "os": {"platform": "linux", "family": "alpine"}}}
{"@timestamp": "2026-05-29T18:35:44.067344833Z", "event": {"kind": "event", "category": "network", "type": "denied", "dataset": "ebpf.network", "action": "drop"}, "network": {"transport": "tcp"}, "host": {"hostname": "semanticos-node", "os": {"platform": "linux", "family": "alpine"}}}
{"@timestamp": "2026-05-29T18:35:46.066265959Z", "event": {"kind": "event", "category": "network", "type": "denied", "dataset": "ebpf.network", "action": "drop"}, "network": {"transport": "tcp"}, "host": {"hostname": "semanticos-node", "os": {"platform": "linux", "family": "alpine"}}}
{"@timestamp": "2026-05-29T18:35:48.065006835Z", "event": {"kind": "event", "category": "network", "type": "denied", "dataset": "ebpf.network", "action": "drop"}, "network": {"transport": "tcp"}, "host": {"hostname": "semanticos-node", "os": {"platform": "linux", "family": "alpine"}}}
{"@timestamp": "2026-05-29T18:35:50.065225461Z", "event": {"kind": "event", "category": "network", "type": "denied", "dataset": "ebpf.network", "action": "drop"}, "network": {"transport": "tcp"}, "host": {"hostname": "semanticos-node", "os": {"platform": "linux", "family": "alpine"}}}
{"@timestamp": "2026-05-29T18:35:52.065104712Z", "event": {"kind": "event", "category": "network", "type": "denied", "dataset": "ebpf.network", "action": "drop"}, "network": {"transport": "tcp"}, "host": {"hostname": "semanticos-node", "os": {"platform": "linux", "family": "alpine"}}}
{"@timestamp": "2026-05-29T18:35:54.064960796Z", "event": {"kind": "event", "category": "network", "type": "denied", "dataset": "ebpf.network", "action": "drop"}, "network": {"transport": "tcp"}, "host": {"hostname": "semanticos-node", "os": {"platform": "linux", "family": "alpine"}}}
{"@timestamp": "2026-05-29T18:35:56.065679214Z", "event": {"kind": "event", "category": "network", "type": "denied", "dataset": "ebpf.network", "action": "drop"}, "network": {"transport": "tcp"}, "host": {"hostname": "semanticos-node", "os": {"platform": "linux", "family": "alpine"}}}
{"@timestamp": "2026-05-29T18:35:58.064382798Z", "event": {"kind": "event", "category": "network", "type": "denied", "dataset": "ebpf.network", "action": "drop"}, "network": {"transport": "tcp"}, "host": {"hostname": "semanticos-node", "os": {"platform": "linux", "family": "alpine"}}}
{"@timestamp": "2026-05-29T18:36:00.063903508Z", "event": {"kind": "event", "category": "network", "type": "denied", "dataset": "ebpf.network", "action": "drop"}, "network": {"transport": "tcp"}, "host": {"hostname": "semanticos-node", "os": {"platform": "linux", "family": "alpine"}}}
{"@timestamp": "2026-05-29T18:36:02.067727384Z", "event": {"kind": "event", "category": "network", "type": "denied", "dataset": "ebpf.network", "action": "drop"}, "network": {"transport": "tcp"}, "host": {"hostname": "semanticos-node", "os": {"platform": "linux", "family": "alpine"}}}
{"@timestamp": "2026-05-29T18:36:04.066628551Z", "event": {"kind": "event", "category": "network", "type": "denied", "dataset": "ebpf.network", "action": "drop"}, "network": {"transport": "tcp"}, "host": {"hostname": "semanticos-node", "os": {"platform": "linux", "family": "alpine"}}}
{"@timestamp": "2026-05-29T18:36:06.065470136Z", "event": {"kind": "event", "category": "network", "type": "denied", "dataset": "ebpf.network", "action": "drop"}, "network": {"transport": "tcp"}, "host": {"hostname": "semanticos-node", "os": {"platform": "linux", "family": "alpine"}}}
{"@timestamp": "2026-05-29T18:36:08.067622345Z", "event": {"kind": "event", "category": "network", "type": "denied", "dataset": "ebpf.network", "action": "drop"}, "network": {"transport": "tcp"}, "host": {"hostname": "semanticos-node", "os": {"platform": "linux", "family": "alpine"}}}
{"@timestamp": "2026-05-29T18:36:10.066616637Z", "event": {"kind": "event", "category": "network", "type": "denied", "dataset": "ebpf.network", "action": "drop"}, "network": {"transport": "tcp"}, "host": {"hostname": "semanticos-node", "os": {"platform": "linux", "family": "alpine"}}}
{"@timestamp": "2026-05-29T18:36:12.066163972Z", "event": {"kind": "event", "category": "network", "type": "denied", "dataset": "ebpf.network", "action": "drop"}, "network": {"transport": "tcp"}, "host": {"hostname": "semanticos-node", "os": {"platform": "linux", "family": "alpine"}}}
{"@timestamp": "2026-05-29T18:36:14.064575792Z", "event": {"kind": "event", "category": "network", "type": "denied", "dataset": "ebpf.network", "action": "drop"}, "network": {"transport": "tcp"}, "host": {"hostname": "semanticos-node", "os": {"platform": "linux", "family": "alpine"}}}
{"@timestamp": "2026-05-29T18:36:16.065281168Z", "event": {"kind": "event", "category": "network", "type": "denied", "dataset": "ebpf.network", "action": "drop"}, "network": {"transport": "tcp"}, "host": {"hostname": "semanticos-node", "os": {"platform": "linux", "family": "alpine"}}}
{"@timestamp": "2026-05-29T18:36:18.06469546Z", "event": {"kind": "event", "category": "network", "type": "denied", "dataset": "ebpf.network", "action": "drop"}, "network": {"transport": "tcp"}, "host": {"hostname": "semanticos-node", "os": {"platform": "linux", "family": "alpine"}}}
{"@timestamp": "2026-05-29T18:36:20.065340128Z", "event": {"kind": "event", "category": "network", "type": "denied", "dataset": "ebpf.network", "action": "drop"}, "network": {"transport": "tcp"}, "host": {"hostname": "semanticos-node", "os": {"platform": "linux", "family": "alpine"}}}
{"@timestamp": "2026-05-29T18:36:22.064225296Z", "event": {"kind": "event", "category": "network", "type": "denied", "dataset": "ebpf.network", "action": "drop"}, "network": {"transport": "tcp"}, "host": {"hostname": "semanticos-node", "os": {"platform": "linux", "family": "alpine"}}}
{"@timestamp": "2026-05-29T18:36:24.064098838Z", "event": {"kind": "event", "category": "network", "type": "denied", "dataset": "ebpf.network", "action": "drop"}, "network": {"transport": "tcp"}, "host": {"hostname": "semanticos-node", "os": {"platform": "linux", "family": "alpine"}}}
{"@timestamp": "2026-05-29T18:36:26.062449256Z", "event": {"kind": "event", "category": "network", "type": "denied", "dataset": "ebpf.network", "action": "drop"}, "network": {"transport": "tcp"}, "host": {"hostname": "semanticos-node", "os": {"platform": "linux", "family": "alpine"}}}
{"@timestamp": "2026-05-29T18:36:28.064462465Z", "event": {"kind": "event", "category": "network", "type": "denied", "dataset": "ebpf.network", "action": "drop"}, "network": {"transport": "tcp"}, "host": {"hostname": "semanticos-node", "os": {"platform": "linux", "family": "alpine"}}}
{"@timestamp": "2026-05-29T18:36:30.064535466Z", "event": {"kind": "event", "category": "network", "type": "denied", "dataset": "ebpf.network", "action": "drop"}, "network": {"transport": "tcp"}, "host": {"hostname": "semanticos-node", "os": {"platform": "linux", "family": "alpine"}}}
{"@timestamp": "2026-05-29T18:36:32.064434134Z", "event": {"kind": "event", "category": "network", "type": "denied", "dataset": "ebpf.network", "action": "drop"}, "network": {"transport": "tcp"}, "host": {"hostname": "semanticos-node", "os": {"platform": "linux", "family": "alpine"}}}
{"@timestamp": "2026-05-29T18:36:34.062680468Z", "event": {"kind": "event", "category": "network", "type": "denied", "dataset": "ebpf.network", "action": "drop"}, "network": {"transport": "tcp"}, "host": {"hostname": "semanticos-node", "os": {"platform": "linux", "family": "alpine"}}}
{"@timestamp": "2026-05-29T18:36:36.063757427Z", "event": {"kind": "event", "category": "network", "type": "denied", "dataset": "ebpf.network", "action": "drop"}, "network": {"transport": "tcp"}, "host": {"hostname": "semanticos-node", "os": {"platform": "linux", "family": "alpine"}}}
{"@timestamp": "2026-05-29T18:36:38.063070511Z", "event": {"kind": "event", "category": "network", "type": "denied", "dataset": "ebpf.network", "action": "drop"}, "network": {"transport": "tcp"}, "host": {"hostname": "semanticos-node", "os": {"platform": "linux", "family": "alpine"}}}
{"@timestamp": "2026-05-29T18:36:40.064955721Z", "event": {"kind": "event", "category": "network", "type": "denied", "dataset": "ebpf.network", "action": "drop"}, "network": {"transport": "tcp"}, "host": {"hostname": "semanticos-node", "os": {"platform": "linux", "family": "alpine"}}}
{"@timestamp": "2026-05-29T18:36:42.066531513Z", "event": {"kind": "event", "category": "network", "type": "denied", "dataset": "ebpf.network", "action": "drop"}, "network": {"transport": "tcp"}, "host": {"hostname": "semanticos-node", "os": {"platform": "linux", "family": "alpine"}}}
{"@timestamp": "2026-05-29T18:36:44.066613792Z", "event": {"kind": "event", "category": "network", "type": "denied", "dataset": "ebpf.network", "action": "drop"}, "network": {"transport": "tcp"}, "host": {"hostname": "semanticos-node", "os": {"platform": "linux", "family": "alpine"}}}
{"@timestamp": "2026-05-29T18:36:46.065621751Z", "event": {"kind": "event", "category": "network", "type": "denied", "dataset": "ebpf.network", "action": "drop"}, "network": {"transport": "tcp"}, "host": {"hostname": "semanticos-node", "os": {"platform": "linux", "family": "alpine"}}}
{"@timestamp": "2026-05-29T18:36:48.06635496Z", "event": {"kind": "event", "category": "network", "type": "denied", "dataset": "ebpf.network", "action": "drop"}, "network": {"transport": "tcp"}, "host": {"hostname": "semanticos-node", "os": {"platform": "linux", "family": "alpine"}}}
{"@timestamp": "2026-05-29T18:36:50.066508711Z", "event": {"kind": "event", "category": "network", "type": "denied", "dataset": "ebpf.network", "action": "drop"}, "network": {"transport": "tcp"}, "host": {"hostname": "semanticos-node", "os": {"platform": "linux", "family": "alpine"}}}
{"@timestamp": "2026-05-29T18:36:52.065181171Z", "event": {"kind": "event", "category": "network", "type": "denied", "dataset": "ebpf.network", "action": "drop"}, "network": {"transport": "tcp"}, "host": {"hostname": "semanticos-node", "os": {"platform": "linux", "family": "alpine"}}}
{"@timestamp": "2026-05-29T18:36:54.067269088Z", "event": {"kind": "event", "category": "network", "type": "denied", "dataset": "ebpf.network", "action": "drop"}, "network": {"transport": "tcp"}, "host": {"hostname": "semanticos-node", "os": {"platform": "linux", "family": "alpine"}}}
{"@timestamp": "2026-05-29T18:36:56.064842631Z", "event": {"kind": "event", "category": "network", "type": "denied", "dataset": "ebpf.network", "action": "drop"}, "network": {"transport": "tcp"}, "host": {"hostname": "semanticos-node", "os": {"platform": "linux", "family": "alpine"}}}
{"@timestamp": "2026-05-29T18:36:58.065281465Z", "event": {"kind": "event", "category": "network", "type": "denied", "dataset": "ebpf.network", "action": "drop"}, "network": {"transport": "tcp"}, "host": {"hostname": "semanticos-node", "os": {"platform": "linux", "family": "alpine"}}}
{"@timestamp": "2026-05-29T18:37:00.068461091Z", "event": {"kind": "event", "category": "network", "type": "denied", "dataset": "ebpf.network", "action": "drop"}, "network": {"transport": "tcp"}, "host": {"hostname": "semanticos-node", "os": {"platform": "linux", "family": "alpine"}}}
{"@timestamp": "2026-05-29T18:37:02.065102634Z", "event": {"kind": "event", "category": "network", "type": "denied", "dataset": "ebpf.network", "action": "drop"}, "network": {"transport": "tcp"}, "host": {"hostname": "semanticos-node", "os": {"platform": "linux", "family": "alpine"}}}
{"@timestamp": "2026-05-29T18:37:04.067477801Z", "event": {"kind": "event", "category": "network", "type": "denied", "dataset": "ebpf.network", "action": "drop"}, "network": {"transport": "tcp"}, "host": {"hostname": "semanticos-node", "os": {"platform": "linux", "family": "alpine"}}}
{"@timestamp": "2026-05-29T18:37:06.066519552Z", "event": {"kind": "event", "category": "network", "type": "denied", "dataset": "ebpf.network", "action": "drop"}, "network": {"transport": "tcp"}, "host": {"hostname": "semanticos-node", "os": {"platform": "linux", "family": "alpine"}}}
{"@timestamp": "2026-05-29T18:37:08.067654595Z", "event": {"kind": "event", "category": "network", "type": "denied", "dataset": "ebpf.network", "action": "drop"}, "network": {"transport": "tcp"}, "host": {"hostname": "semanticos-node", "os": {"platform": "linux", "family": "alpine"}}}
{"@timestamp": "2026-05-29T18:37:10.066427387Z", "event": {"kind": "event", "category": "network", "type": "denied", "dataset": "ebpf.network", "action": "drop"}, "network": {"transport": "tcp"}, "host": {"hostname": "semanticos-node", "os": {"platform": "linux", "family": "alpine"}}}
{"@timestamp": "2026-05-29T18:37:12.066880513Z", "event": {"kind": "event", "category": "network", "type": "denied", "dataset": "ebpf.network", "action": "drop"}, "network": {"transport": "tcp"}, "host": {"hostname": "semanticos-node", "os": {"platform": "linux", "family": "alpine"}}}
{"@timestamp": "2026-05-29T18:37:14.067029792Z", "event": {"kind": "event", "category": "network", "type": "denied", "dataset": "ebpf.network", "action": "drop"}, "network": {"transport": "tcp"}, "host": {"hostname": "semanticos-node", "os": {"platform": "linux", "family": "alpine"}}}
{"@timestamp": "2026-05-29T18:37:16.067794334Z", "event": {"kind": "event", "category": "network", "type": "denied", "dataset": "ebpf.network", "action": "drop"}, "network": {"transport": "tcp"}, "host": {"hostname": "semanticos-node", "os": {"platform": "linux", "family": "alpine"}}}
{"@timestamp": "2026-05-29T18:37:18.069882544Z", "event": {"kind": "event", "category": "network", "type": "denied", "dataset": "ebpf.network", "action": "drop"}, "network": {"transport": "tcp"}, "host": {"hostname": "semanticos-node", "os": {"platform": "linux", "family": "alpine"}}}
{"@timestamp": "2026-05-29T18:37:20.065539878Z", "event": {"kind": "event", "category": "network", "type": "denied", "dataset": "ebpf.network", "action": "drop"}, "network": {"transport": "tcp"}, "host": {"hostname": "semanticos-node", "os": {"platform": "linux", "family": "alpine"}}}
{"@timestamp": "2026-05-29T18:37:22.068026087Z", "event": {"kind": "event", "category": "network", "type": "denied", "dataset": "ebpf.network", "action": "drop"}, "network": {"transport": "tcp"}, "host": {"hostname": "semanticos-node", "os": {"platform": "linux", "family": "alpine"}}}
{"@timestamp": "2026-05-29T18:37:24.068464255Z", "event": {"kind": "event", "category": "network", "type": "denied", "dataset": "ebpf.network", "action": "drop"}, "network": {"transport": "tcp"}, "host": {"hostname": "semanticos-node", "os": {"platform": "linux", "family": "alpine"}}}
{"@timestamp": "2026-05-29T18:37:26.066775464Z", "event": {"kind": "event", "category": "network", "type": "denied", "dataset": "ebpf.network", "action": "drop"}, "network": {"transport": "tcp"}, "host": {"hostname": "semanticos-node", "os": {"platform": "linux", "family": "alpine"}}}
{"@timestamp": "2026-05-29T18:37:28.068462965Z", "event": {"kind": "event", "category": "network", "type": "denied", "dataset": "ebpf.network", "action": "drop"}, "network": {"transport": "tcp"}, "host": {"hostname": "semanticos-node", "os": {"platform": "linux", "family": "alpine"}}}
{"@timestamp": "2026-05-29T18:37:30.067890174Z", "event": {"kind": "event", "category": "network", "type": "denied", "dataset": "ebpf.network", "action": "drop"}, "network": {"transport": "tcp"}, "host": {"hostname": "semanticos-node", "os": {"platform": "linux", "family": "alpine"}}}
{"@timestamp": "2026-05-29T18:37:32.067140175Z", "event": {"kind": "event", "category": "network", "type": "denied", "dataset": "ebpf.network", "action": "drop"}, "network": {"transport": "tcp"}, "host": {"hostname": "semanticos-node", "os": {"platform": "linux", "family": "alpine"}}}
{"@timestamp": "2026-05-29T18:37:34.068725801Z", "event": {"kind": "event", "category": "network", "type": "denied", "dataset": "ebpf.network", "action": "drop"}, "network": {"transport": "tcp"}, "host": {"hostname": "semanticos-node", "os": {"platform": "linux", "family": "alpine"}}}
{"@timestamp": "2026-05-29T18:37:36.068103261Z", "event": {"kind": "event", "category": "network", "type": "denied", "dataset": "ebpf.network", "action": "drop"}, "network": {"transport": "tcp"}, "host": {"hostname": "semanticos-node", "os": {"platform": "linux", "family": "alpine"}}}
{"@timestamp": "2026-05-29T18:37:38.068633428Z", "event": {"kind": "event", "category": "network", "type": "denied", "dataset": "ebpf.network", "action": "drop"}, "network": {"transport": "tcp"}, "host": {"hostname": "semanticos-node", "os": {"platform": "linux", "family": "alpine"}}}
{"@timestamp": "2026-05-29T18:37:40.067323762Z", "event": {"kind": "event", "category": "network", "type": "denied", "dataset": "ebpf.network", "action": "drop"}, "network": {"transport": "tcp"}, "host": {"hostname": "semanticos-node", "os": {"platform": "linux", "family": "alpine"}}}
{"@timestamp": "2026-05-29T18:37:42.067165263Z", "event": {"kind": "event", "category": "network", "type": "denied", "dataset": "ebpf.network", "action": "drop"}, "network": {"transport": "tcp"}, "host": {"hostname": "semanticos-node", "os": {"platform": "linux", "family": "alpine"}}}
{"@timestamp": "2026-05-29T18:37:44.06517325Z", "event": {"kind": "event", "category": "network", "type": "denied", "dataset": "ebpf.network", "action": "drop"}, "network": {"transport": "tcp"}, "host": {"hostname": "semanticos-node", "os": {"platform": "linux", "family": "alpine"}}}
{"@timestamp": "2026-05-29T18:37:46.065965459Z", "event": {"kind": "event", "category": "network", "type": "denied", "dataset": "ebpf.network", "action": "drop"}, "network": {"transport": "tcp"}, "host": {"hostname": "semanticos-node", "os": {"platform": "linux", "family": "alpine"}}}
{"@timestamp": "2026-05-29T18:37:48.065313419Z", "event": {"kind": "event", "category": "network", "type": "denied", "dataset": "ebpf.network", "action": "drop"}, "network": {"transport": "tcp"}, "host": {"hostname": "semanticos-node", "os": {"platform": "linux", "family": "alpine"}}}
{"@timestamp": "2026-05-29T18:37:50.066490753Z", "event": {"kind": "event", "category": "network", "type": "denied", "dataset": "ebpf.network", "action": "drop"}, "network": {"transport": "tcp"}, "host": {"hostname": "semanticos-node", "os": {"platform": "linux", "family": "alpine"}}}
{"@timestamp": "2026-05-29T18:37:52.067542712Z", "event": {"kind": "event", "category": "network", "type": "denied", "dataset": "ebpf.network", "action": "drop"}, "network": {"transport": "tcp"}, "host": {"hostname": "semanticos-node", "os": {"platform": "linux", "family": "alpine"}}}
{"@timestamp": "2026-05-29T18:37:54.06719388Z", "event": {"kind": "event", "category": "network", "type": "denied", "dataset": "ebpf.network", "action": "drop"}, "network": {"transport": "tcp"}, "host": {"hostname": "semanticos-node", "os": {"platform": "linux", "family": "alpine"}}}
{"@timestamp": "2026-05-29T18:37:56.066276214Z", "event": {"kind": "event", "category": "network", "type": "denied", "dataset": "ebpf.network", "action": "drop"}, "network": {"transport": "tcp"}, "host": {"hostname": "semanticos-node", "os": {"platform": "linux", "family": "alpine"}}}
{"@timestamp": "2026-05-29T18:37:58.06719359Z", "event": {"kind": "event", "category": "network", "type": "denied", "dataset": "ebpf.network", "action": "drop"}, "network": {"transport": "tcp"}, "host": {"hostname": "semanticos-node", "os": {"platform": "linux", "family": "alpine"}}}
{"@timestamp": "2026-05-29T18:38:00.065610466Z", "event": {"kind": "event", "category": "network", "type": "denied", "dataset": "ebpf.network", "action": "drop"}, "network": {"transport": "tcp"}, "host": {"hostname": "semanticos-node", "os": {"platform": "linux", "family": "alpine"}}}
{"@timestamp": "2026-05-29T18:38:02.256144509Z", "event": {"kind": "event", "category": "network", "type": "denied", "dataset": "ebpf.network", "action": "drop"}, "network": {"transport": "tcp"}, "host": {"hostname": "semanticos-node", "os": {"platform": "linux", "family": "alpine"}}}
{"@timestamp": "2026-05-29T18:38:04.067980343Z", "event": {"kind": "event", "category": "network", "type": "denied", "dataset": "ebpf.network", "action": "drop"}, "network": {"transport": "tcp"}, "host": {"hostname": "semanticos-node", "os": {"platform": "linux", "family": "alpine"}}}
{"@timestamp": "2026-05-29T18:38:06.066343552Z", "event": {"kind": "event", "category": "network", "type": "denied", "dataset": "ebpf.network", "action": "drop"}, "network": {"transport": "tcp"}, "host": {"hostname": "semanticos-node", "os": {"platform": "linux", "family": "alpine"}}}
{"@timestamp": "2026-05-29T18:38:08.066888595Z", "event": {"kind": "event", "category": "network", "type": "denied", "dataset": "ebpf.network", "action": "drop"}, "network": {"transport": "tcp"}, "host": {"hostname": "semanticos-node", "os": {"platform": "linux", "family": "alpine"}}}
{"@timestamp": "2026-05-29T18:38:10.066441304Z", "event": {"kind": "event", "category": "network", "type": "denied", "dataset": "ebpf.network", "action": "drop"}, "network": {"transport": "tcp"}, "host": {"hostname": "semanticos-node", "os": {"platform": "linux", "family": "alpine"}}}
{"@timestamp": "2026-05-29T18:38:12.067343222Z", "event": {"kind": "event", "category": "network", "type": "denied", "dataset": "ebpf.network", "action": "drop"}, "network": {"transport": "tcp"}, "host": {"hostname": "semanticos-node", "os": {"platform": "linux", "family": "alpine"}}}
{"@timestamp": "2026-05-29T18:38:14.064019917Z", "event": {"kind": "event", "category": "network", "type": "denied", "dataset": "ebpf.network", "action": "drop"}, "network": {"transport": "tcp"}, "host": {"hostname": "semanticos-node", "os": {"platform": "linux", "family": "alpine"}}}
{"@timestamp": "2026-05-29T18:38:16.065006626Z", "event": {"kind": "event", "category": "network", "type": "denied", "dataset": "ebpf.network", "action": "drop"}, "network": {"transport": "tcp"}, "host": {"hostname": "semanticos-node", "os": {"platform": "linux", "family": "alpine"}}}
{"@timestamp": "2026-05-29T18:38:18.06583296Z", "event": {"kind": "event", "category": "network", "type": "denied", "dataset": "ebpf.network", "action": "drop"}, "network": {"transport": "tcp"}, "host": {"hostname": "semanticos-node", "os": {"platform": "linux", "family": "alpine"}}}
{"@timestamp": "2026-05-29T18:38:20.068290503Z", "event": {"kind": "event", "category": "network", "type": "denied", "dataset": "ebpf.network", "action": "drop"}, "network": {"transport": "tcp"}, "host": {"hostname": "semanticos-node", "os": {"platform": "linux", "family": "alpine"}}}
{"@timestamp": "2026-05-29T18:38:22.066101212Z", "event": {"kind": "event", "category": "network", "type": "denied", "dataset": "ebpf.network", "action": "drop"}, "network": {"transport": "tcp"}, "host": {"hostname": "semanticos-node", "os": {"platform": "linux", "family": "alpine"}}}
{"@timestamp": "2026-05-29T18:38:24.066442171Z", "event": {"kind": "event", "category": "network", "type": "denied", "dataset": "ebpf.network", "action": "drop"}, "network": {"transport": "tcp"}, "host": {"hostname": "semanticos-node", "os": {"platform": "linux", "family": "alpine"}}}
{"@timestamp": "2026-05-29T18:38:26.064775714Z", "event": {"kind": "event", "category": "network", "type": "denied", "dataset": "ebpf.network", "action": "drop"}, "network": {"transport": "tcp"}, "host": {"hostname": "semanticos-node", "os": {"platform": "linux", "family": "alpine"}}}
{"@timestamp": "2026-05-29T18:38:28.066127132Z", "event": {"kind": "event", "category": "network", "type": "denied", "dataset": "ebpf.network", "action": "drop"}, "network": {"transport": "tcp"}, "host": {"hostname": "semanticos-node", "os": {"platform": "linux", "family": "alpine"}}}
{"@timestamp": "2026-05-29T18:38:30.066540174Z", "event": {"kind": "event", "category": "network", "type": "denied", "dataset": "ebpf.network", "action": "drop"}, "network": {"transport": "tcp"}, "host": {"hostname": "semanticos-node", "os": {"platform": "linux", "family": "alpine"}}}
{"@timestamp": "2026-05-29T18:38:32.065187592Z", "event": {"kind": "event", "category": "network", "type": "denied", "dataset": "ebpf.network", "action": "drop"}, "network": {"transport": "tcp"}, "host": {"hostname": "semanticos-node", "os": {"platform": "linux", "family": "alpine"}}}
{"@timestamp": "2026-05-29T18:38:34.066486218Z", "event": {"kind": "event", "category": "network", "type": "denied", "dataset": "ebpf.network", "action": "drop"}, "network": {"transport": "tcp"}, "host": {"hostname": "semanticos-node", "os": {"platform": "linux", "family": "alpine"}}}
{"@timestamp": "2026-05-29T18:38:36.063898802Z", "event": {"kind": "event", "category": "network", "type": "denied", "dataset": "ebpf.network", "action": "drop"}, "network": {"transport": "tcp"}, "host": {"hostname": "semanticos-node", "os": {"platform": "linux", "family": "alpine"}}}
{"@timestamp": "2026-05-29T18:38:38.067108595Z", "event": {"kind": "event", "category": "network", "type": "denied", "dataset": "ebpf.network", "action": "drop"}, "network": {"transport": "tcp"}, "host": {"hostname": "semanticos-node", "os": {"platform": "linux", "family": "alpine"}}}
{"@timestamp": "2026-05-29T18:38:38.901913804Z", "event": {"kind": "event", "category": "process", "type": "start", "dataset": "ebpf.process", "action": "execve"}, "host": {"hostname": "semanticos-node", "os": {"platform": "linux", "family": "alpine"}}, "process": {"pid": 21614, "name": "containerd-shim", "executable": "/usr/bin/runc"}}
{"@timestamp": "2026-05-29T18:38:38.91429897Z", "event": {"kind": "event", "category": "process", "type": "start", "dataset": "ebpf.process", "action": "execve"}, "host": {"hostname": "semanticos-node", "os": {"platform": "linux", "family": "alpine"}}, "process": {"pid": 21621, "name": "runc", "executable": "/proc/self/fd/6"}}
{"@timestamp": "2026-05-29T18:38:38.960023554Z", "event": {"kind": "event", "category": "process", "type": "start", "dataset": "ebpf.process", "action": "execve"}, "host": {"hostname": "semanticos-node", "os": {"platform": "linux", "family": "alpine"}}, "process": {"pid": 21626, "name": "runc:[2:INIT]", "executable": "/usr/bin/wget"}}
{"@timestamp": "2026-05-29T18:38:40.065982137Z", "event": {"kind": "event", "category": "network", "type": "denied", "dataset": "ebpf.network", "action": "drop"}, "network": {"transport": "tcp"}, "host": {"hostname": "semanticos-node", "os": {"platform": "linux", "family": "alpine"}}}
{"@timestamp": "2026-05-29T18:38:42.067215888Z", "event": {"kind": "event", "category": "network", "type": "denied", "dataset": "ebpf.network", "action": "drop"}, "network": {"transport": "tcp"}, "host": {"hostname": "semanticos-node", "os": {"platform": "linux", "family": "alpine"}}}
{"@timestamp": "2026-05-29T18:38:44.067618167Z", "event": {"kind": "event", "category": "network", "type": "denied", "dataset": "ebpf.network", "action": "drop"}, "network": {"transport": "tcp"}, "host": {"hostname": "semanticos-node", "os": {"platform": "linux", "family": "alpine"}}}
{"@timestamp": "2026-05-29T18:38:46.068539043Z", "event": {"kind": "event", "category": "network", "type": "denied", "dataset": "ebpf.network", "action": "drop"}, "network": {"transport": "tcp"}, "host": {"hostname": "semanticos-node", "os": {"platform": "linux", "family": "alpine"}}}
{"@timestamp": "2026-05-29T18:38:48.068222085Z", "event": {"kind": "event", "category": "network", "type": "denied", "dataset": "ebpf.network", "action": "drop"}, "network": {"transport": "tcp"}, "host": {"hostname": "semanticos-node", "os": {"platform": "linux", "family": "alpine"}}}
{"@timestamp": "2026-05-29T18:38:48.996917586Z", "event": {"kind": "event", "category": "process", "type": "start", "dataset": "ebpf.process", "action": "execve"}, "host": {"hostname": "semanticos-node", "os": {"platform": "linux", "family": "alpine"}}, "process": {"pid": 21633, "name": "containerd-shim", "executable": "/usr/bin/runc"}}
{"@timestamp": "2026-05-29T18:38:49.020033752Z", "event": {"kind": "event", "category": "process", "type": "start", "dataset": "ebpf.process", "action": "execve"}, "host": {"hostname": "semanticos-node", "os": {"platform": "linux", "family": "alpine"}}, "process": {"pid": 21640, "name": "runc", "executable": "/proc/self/fd/6"}}
{"@timestamp": "2026-05-29T18:38:49.057978086Z", "event": {"kind": "event", "category": "process", "type": "start", "dataset": "ebpf.process", "action": "execve"}, "host": {"hostname": "semanticos-node", "os": {"platform": "linux", "family": "alpine"}}, "process": {"pid": 21645, "name": "runc:[2:INIT]", "executable": "/usr/bin/wget"}}
{"@timestamp": "2026-05-29T18:38:50.069325378Z", "event": {"kind": "event", "category": "network", "type": "denied", "dataset": "ebpf.network", "action": "drop"}, "network": {"transport": "tcp"}, "host": {"hostname": "semanticos-node", "os": {"platform": "linux", "family": "alpine"}}}
{"@timestamp": "2026-05-29T18:38:52.068076837Z", "event": {"kind": "event", "category": "network", "type": "denied", "dataset": "ebpf.network", "action": "drop"}, "network": {"transport": "tcp"}, "host": {"hostname": "semanticos-node", "os": {"platform": "linux", "family": "alpine"}}}
{"@timestamp": "2026-05-29T18:38:54.068159796Z", "event": {"kind": "event", "category": "network", "type": "denied", "dataset": "ebpf.network", "action": "drop"}, "network": {"transport": "tcp"}, "host": {"hostname": "semanticos-node", "os": {"platform": "linux", "family": "alpine"}}}
{"@timestamp": "2026-05-29T18:38:56.067941089Z", "event": {"kind": "event", "category": "network", "type": "denied", "dataset": "ebpf.network", "action": "drop"}, "network": {"transport": "tcp"}, "host": {"hostname": "semanticos-node", "os": {"platform": "linux", "family": "alpine"}}}
{"@timestamp": "2026-05-29T18:38:58.067359548Z", "event": {"kind": "event", "category": "network", "type": "denied", "dataset": "ebpf.network", "action": "drop"}, "network": {"transport": "tcp"}, "host": {"hostname": "semanticos-node", "os": {"platform": "linux", "family": "alpine"}}}
{"@timestamp": "2026-05-29T18:39:00.067728008Z", "event": {"kind": "event", "category": "network", "type": "denied", "dataset": "ebpf.network", "action": "drop"}, "network": {"transport": "tcp"}, "host": {"hostname": "semanticos-node", "os": {"platform": "linux", "family": "alpine"}}}
{"@timestamp": "2026-05-29T18:38:59.085719466Z", "event": {"kind": "event", "category": "process", "type": "start", "dataset": "ebpf.process", "action": "execve"}, "host": {"hostname": "semanticos-node", "os": {"platform": "linux", "family": "alpine"}}, "process": {"pid": 21651, "name": "containerd-shim", "executable": "/usr/bin/runc"}}
{"@timestamp": "2026-05-29T18:38:59.105243882Z", "event": {"kind": "event", "category": "process", "type": "start", "dataset": "ebpf.process", "action": "execve"}, "host": {"hostname": "semanticos-node", "os": {"platform": "linux", "family": "alpine"}}, "process": {"pid": 21658, "name": "runc", "executable": "/proc/self/fd/6"}}
{"@timestamp": "2026-05-29T18:38:59.137851924Z", "event": {"kind": "event", "category": "process", "type": "start", "dataset": "ebpf.process", "action": "execve"}, "host": {"hostname": "semanticos-node", "os": {"platform": "linux", "family": "alpine"}}, "process": {"pid": 21663, "name": "runc:[2:INIT]", "executable": "/usr/bin/wget"}}
{"@timestamp": "2026-05-29T18:39:02.066448967Z", "event": {"kind": "event", "category": "network", "type": "denied", "dataset": "ebpf.network", "action": "drop"}, "network": {"transport": "tcp"}, "host": {"hostname": "semanticos-node", "os": {"platform": "linux", "family": "alpine"}}}
{"@timestamp": "2026-05-29T18:39:04.068290593Z", "event": {"kind": "event", "category": "network", "type": "denied", "dataset": "ebpf.network", "action": "drop"}, "network": {"transport": "tcp"}, "host": {"hostname": "semanticos-node", "os": {"platform": "linux", "family": "alpine"}}}
{"@timestamp": "2026-05-29T18:39:06.068393302Z", "event": {"kind": "event", "category": "network", "type": "denied", "dataset": "ebpf.network", "action": "drop"}, "network": {"transport": "tcp"}, "host": {"hostname": "semanticos-node", "os": {"platform": "linux", "family": "alpine"}}}
{"@timestamp": "2026-05-29T18:39:08.067488386Z", "event": {"kind": "event", "category": "network", "type": "denied", "dataset": "ebpf.network", "action": "drop"}, "network": {"transport": "tcp"}, "host": {"hostname": "semanticos-node", "os": {"platform": "linux", "family": "alpine"}}}
{"@timestamp": "2026-05-29T18:39:10.067413304Z", "event": {"kind": "event", "category": "network", "type": "denied", "dataset": "ebpf.network", "action": "drop"}, "network": {"transport": "tcp"}, "host": {"hostname": "semanticos-node", "os": {"platform": "linux", "family": "alpine"}}}
{"@timestamp": "2026-05-29T18:39:09.161583804Z", "event": {"kind": "event", "category": "process", "type": "start", "dataset": "ebpf.process", "action": "execve"}, "host": {"hostname": "semanticos-node", "os": {"platform": "linux", "family": "alpine"}}, "process": {"pid": 21669, "name": "containerd-shim", "executable": "/usr/bin/runc"}}
{"@timestamp": "2026-05-29T18:39:09.18327222Z", "event": {"kind": "event", "category": "process", "type": "start", "dataset": "ebpf.process", "action": "execve"}, "host": {"hostname": "semanticos-node", "os": {"platform": "linux", "family": "alpine"}}, "process": {"pid": 21676, "name": "runc", "executable": "/proc/self/fd/6"}}
{"@timestamp": "2026-05-29T18:39:09.216215512Z", "event": {"kind": "event", "category": "process", "type": "start", "dataset": "ebpf.process", "action": "execve"}, "host": {"hostname": "semanticos-node", "os": {"platform": "linux", "family": "alpine"}}, "process": {"pid": 21681, "name": "runc:[2:INIT]", "executable": "/usr/bin/wget"}}
{"@timestamp": "2026-05-29T18:39:12.068616097Z", "event": {"kind": "event", "category": "network", "type": "denied", "dataset": "ebpf.network", "action": "drop"}, "network": {"transport": "tcp"}, "host": {"hostname": "semanticos-node", "os": {"platform": "linux", "family": "alpine"}}}
{"@timestamp": "2026-05-29T18:39:14.068478667Z", "event": {"kind": "event", "category": "network", "type": "denied", "dataset": "ebpf.network", "action": "drop"}, "network": {"transport": "tcp"}, "host": {"hostname": "semanticos-node", "os": {"platform": "linux", "family": "alpine"}}}
{"@timestamp": "2026-05-29T18:39:16.065744834Z", "event": {"kind": "event", "category": "network", "type": "denied", "dataset": "ebpf.network", "action": "drop"}, "network": {"transport": "tcp"}, "host": {"hostname": "semanticos-node", "os": {"platform": "linux", "family": "alpine"}}}
{"@timestamp": "2026-05-29T18:39:18.070182627Z", "event": {"kind": "event", "category": "network", "type": "denied", "dataset": "ebpf.network", "action": "drop"}, "network": {"transport": "tcp"}, "host": {"hostname": "semanticos-node", "os": {"platform": "linux", "family": "alpine"}}}
{"@timestamp": "2026-05-29T18:39:19.241836169Z", "event": {"kind": "event", "category": "process", "type": "start", "dataset": "ebpf.process", "action": "execve"}, "host": {"hostname": "semanticos-node", "os": {"platform": "linux", "family": "alpine"}}, "process": {"pid": 21687, "name": "containerd-shim", "executable": "/usr/bin/runc"}}
{"@timestamp": "2026-05-29T18:39:19.262183127Z", "event": {"kind": "event", "category": "process", "type": "start", "dataset": "ebpf.process", "action": "execve"}, "host": {"hostname": "semanticos-node", "os": {"platform": "linux", "family": "alpine"}}, "process": {"pid": 21694, "name": "runc", "executable": "/proc/self/fd/6"}}
{"@timestamp": "2026-05-29T18:39:19.303072211Z", "event": {"kind": "event", "category": "process", "type": "start", "dataset": "ebpf.process", "action": "execve"}, "host": {"hostname": "semanticos-node", "os": {"platform": "linux", "family": "alpine"}}, "process": {"pid": 21699, "name": "runc:[2:INIT]", "executable": "/usr/bin/wget"}}
{"@timestamp": "2026-05-29T18:39:20.089380961Z", "event": {"kind": "event", "category": "process", "type": "start", "dataset": "ebpf.process", "action": "execve"}, "host": {"hostname": "semanticos-node", "os": {"platform": "linux", "family": "alpine"}}, "process": {"pid": 21705, "name": "containerd-shim", "executable": "/usr/bin/runc"}}
{"@timestamp": "2026-05-29T18:39:20.098640961Z", "event": {"kind": "event", "category": "process", "type": "start", "dataset": "ebpf.process", "action": "execve"}, "host": {"hostname": "semanticos-node", "os": {"platform": "linux", "family": "alpine"}}, "process": {"pid": 21715, "name": "runc", "executable": "/proc/self/fd/6"}}
{"@timestamp": "2026-05-29T18:39:20.120168503Z", "event": {"kind": "event", "category": "process", "type": "start", "dataset": "ebpf.process", "action": "execve"}, "host": {"hostname": "semanticos-node", "os": {"platform": "linux", "family": "alpine"}}, "process": {"pid": 21717, "name": "runc:[2:INIT]", "executable": "/usr/bin/clickhouse-client"}}
{"@timestamp": "2026-05-29T18:39:20.065220045Z", "event": {"kind": "event", "category": "network", "type": "denied", "dataset": "ebpf.network", "action": "drop"}, "network": {"transport": "tcp"}, "host": {"hostname": "semanticos-node", "os": {"platform": "linux", "family": "alpine"}}}
{"@timestamp": "2026-05-29T18:39:22.068408212Z", "event": {"kind": "event", "category": "network", "type": "denied", "dataset": "ebpf.network", "action": "drop"}, "network": {"transport": "tcp"}, "host": {"hostname": "semanticos-node", "os": {"platform": "linux", "family": "alpine"}}}
{"@timestamp": "2026-05-29T18:39:24.06640563Z", "event": {"kind": "event", "category": "network", "type": "denied", "dataset": "ebpf.network", "action": "drop"}, "network": {"transport": "tcp"}, "host": {"hostname": "semanticos-node", "os": {"platform": "linux", "family": "alpine"}}}
{"@timestamp": "2026-05-29T18:39:26.066616256Z", "event": {"kind": "event", "category": "network", "type": "denied", "dataset": "ebpf.network", "action": "drop"}, "network": {"transport": "tcp"}, "host": {"hostname": "semanticos-node", "os": {"platform": "linux", "family": "alpine"}}}
{"@timestamp": "2026-05-29T18:39:28.068035548Z", "event": {"kind": "event", "category": "network", "type": "denied", "dataset": "ebpf.network", "action": "drop"}, "network": {"transport": "tcp"}, "host": {"hostname": "semanticos-node", "os": {"platform": "linux", "family": "alpine"}}}
{"@timestamp": "2026-05-29T18:39:26.375713589Z", "event": {"kind": "event", "category": "process", "type": "start", "dataset": "ebpf.process", "action": "execve"}, "host": {"hostname": "semanticos-node", "os": {"platform": "linux", "family": "alpine"}}, "process": {"pid": 21726, "name": "containerd-shim", "executable": "/usr/bin/runc"}}
{"@timestamp": "2026-05-29T18:39:26.386670339Z", "event": {"kind": "event", "category": "process", "type": "start", "dataset": "ebpf.process", "action": "execve"}, "host": {"hostname": "semanticos-node", "os": {"platform": "linux", "family": "alpine"}}, "process": {"pid": 21733, "name": "runc", "executable": "/proc/self/fd/6"}}
{"@timestamp": "2026-05-29T18:39:26.413009839Z", "event": {"kind": "event", "category": "process", "type": "start", "dataset": "ebpf.process", "action": "execve"}, "host": {"hostname": "semanticos-node", "os": {"platform": "linux", "family": "alpine"}}, "process": {"pid": 21738, "name": "runc:[2:INIT]", "executable": "/usr/bin/clickhouse-client"}}
{"@timestamp": "2026-05-29T18:39:29.324596924Z", "event": {"kind": "event", "category": "process", "type": "start", "dataset": "ebpf.process", "action": "execve"}, "host": {"hostname": "semanticos-node", "os": {"platform": "linux", "family": "alpine"}}, "process": {"pid": 21753, "name": "containerd-shim", "executable": "/usr/bin/runc"}}
{"@timestamp": "2026-05-29T18:39:29.340911507Z", "event": {"kind": "event", "category": "process", "type": "start", "dataset": "ebpf.process", "action": "execve"}, "host": {"hostname": "semanticos-node", "os": {"platform": "linux", "family": "alpine"}}, "process": {"pid": 21760, "name": "runc", "executable": "/proc/self/fd/6"}}
{"@timestamp": "2026-05-29T18:39:29.382963382Z", "event": {"kind": "event", "category": "process", "type": "start", "dataset": "ebpf.process", "action": "execve"}, "host": {"hostname": "semanticos-node", "os": {"platform": "linux", "family": "alpine"}}, "process": {"pid": 21765, "name": "runc:[2:INIT]", "executable": "/usr/bin/wget"}}
{"@timestamp": "2026-05-29T18:39:30.067616758Z", "event": {"kind": "event", "category": "network", "type": "denied", "dataset": "ebpf.network", "action": "drop"}, "network": {"transport": "tcp"}, "host": {"hostname": "semanticos-node", "os": {"platform": "linux", "family": "alpine"}}}
{"@timestamp": "2026-05-29T18:39:32.0662253Z", "event": {"kind": "event", "category": "network", "type": "denied", "dataset": "ebpf.network", "action": "drop"}, "network": {"transport": "tcp"}, "host": {"hostname": "semanticos-node", "os": {"platform": "linux", "family": "alpine"}}}
{"@timestamp": "2026-05-29T18:39:34.067523426Z", "event": {"kind": "event", "category": "network", "type": "denied", "dataset": "ebpf.network", "action": "drop"}, "network": {"transport": "tcp"}, "host": {"hostname": "semanticos-node", "os": {"platform": "linux", "family": "alpine"}}}
{"@timestamp": "2026-05-29T18:39:32.760553092Z", "event": {"kind": "event", "category": "process", "type": "start", "dataset": "ebpf.process", "action": "execve"}, "host": {"hostname": "semanticos-node", "os": {"platform": "linux", "family": "alpine"}}, "process": {"pid": 21771, "name": "containerd-shim", "executable": "/usr/bin/runc"}}
{"@timestamp": "2026-05-29T18:39:32.772845509Z", "event": {"kind": "event", "category": "process", "type": "start", "dataset": "ebpf.process", "action": "execve"}, "host": {"hostname": "semanticos-node", "os": {"platform": "linux", "family": "alpine"}}, "process": {"pid": 21778, "name": "runc", "executable": "/proc/self/fd/6"}}
{"@timestamp": "2026-05-29T18:39:32.805534009Z", "event": {"kind": "event", "category": "process", "type": "start", "dataset": "ebpf.process", "action": "execve"}, "host": {"hostname": "semanticos-node", "os": {"platform": "linux", "family": "alpine"}}, "process": {"pid": 21783, "name": "runc:[2:INIT]", "executable": "/usr/bin/clickhouse-client"}}
{"@timestamp": "2026-05-29T18:39:36.066292177Z", "event": {"kind": "event", "category": "network", "type": "denied", "dataset": "ebpf.network", "action": "drop"}, "network": {"transport": "tcp"}, "host": {"hostname": "semanticos-node", "os": {"platform": "linux", "family": "alpine"}}}
{"@timestamp": "2026-05-29T18:39:38.068114095Z", "event": {"kind": "event", "category": "network", "type": "denied", "dataset": "ebpf.network", "action": "drop"}, "network": {"transport": "tcp"}, "host": {"hostname": "semanticos-node", "os": {"platform": "linux", "family": "alpine"}}}
{"@timestamp": "2026-05-29T18:39:38.358248845Z", "event": {"kind": "event", "category": "process", "type": "start", "dataset": "ebpf.process", "action": "execve"}, "host": {"hostname": "semanticos-node", "os": {"platform": "linux", "family": "alpine"}}, "process": {"pid": 21792, "name": "containerd-shim", "executable": "/usr/bin/runc"}}
{"@timestamp": "2026-05-29T18:39:38.371618637Z", "event": {"kind": "event", "category": "process", "type": "start", "dataset": "ebpf.process", "action": "execve"}, "host": {"hostname": "semanticos-node", "os": {"platform": "linux", "family": "alpine"}}, "process": {"pid": 21799, "name": "runc", "executable": "/proc/self/fd/6"}}
{"@timestamp": "2026-05-29T18:39:38.393348595Z", "event": {"kind": "event", "category": "process", "type": "start", "dataset": "ebpf.process", "action": "execve"}, "host": {"hostname": "semanticos-node", "os": {"platform": "linux", "family": "alpine"}}, "process": {"pid": 21804, "name": "runc:[2:INIT]", "executable": "/usr/bin/clickhouse-client"}}
{"@timestamp": "2026-05-29T18:39:39.413931429Z", "event": {"kind": "event", "category": "process", "type": "start", "dataset": "ebpf.process", "action": "execve"}, "host": {"hostname": "semanticos-node", "os": {"platform": "linux", "family": "alpine"}}, "process": {"pid": 21820, "name": "containerd-shim", "executable": "/usr/bin/runc"}}
{"@timestamp": "2026-05-29T18:39:39.42523722Z", "event": {"kind": "event", "category": "process", "type": "start", "dataset": "ebpf.process", "action": "execve"}, "host": {"hostname": "semanticos-node", "os": {"platform": "linux", "family": "alpine"}}, "process": {"pid": 21827, "name": "runc", "executable": "/proc/self/fd/6"}}
{"@timestamp": "2026-05-29T18:39:39.45196272Z", "event": {"kind": "event", "category": "process", "type": "start", "dataset": "ebpf.process", "action": "execve"}, "host": {"hostname": "semanticos-node", "os": {"platform": "linux", "family": "alpine"}}, "process": {"pid": 21832, "name": "runc:[2:INIT]", "executable": "/usr/bin/wget"}}
{"@timestamp": "2026-05-29T18:39:40.066587637Z", "event": {"kind": "event", "category": "network", "type": "denied", "dataset": "ebpf.network", "action": "drop"}, "network": {"transport": "tcp"}, "host": {"hostname": "semanticos-node", "os": {"platform": "linux", "family": "alpine"}}}
{"@timestamp": "2026-05-29T18:39:42.06708918Z", "event": {"kind": "event", "category": "network", "type": "denied", "dataset": "ebpf.network", "action": "drop"}, "network": {"transport": "tcp"}, "host": {"hostname": "semanticos-node", "os": {"platform": "linux", "family": "alpine"}}}
{"@timestamp": "2026-05-29T18:39:44.067937083Z", "event": {"kind": "event", "category": "network", "type": "denied", "dataset": "ebpf.network", "action": "drop"}, "network": {"transport": "tcp"}, "host": {"hostname": "semanticos-node", "os": {"platform": "linux", "family": "alpine"}}}
{"@timestamp": "2026-05-29T18:39:46.066975209Z", "event": {"kind": "event", "category": "network", "type": "denied", "dataset": "ebpf.network", "action": "drop"}, "network": {"transport": "tcp"}, "host": {"hostname": "semanticos-node", "os": {"platform": "linux", "family": "alpine"}}}
{"@timestamp": "2026-05-29T18:39:48.068578752Z", "event": {"kind": "event", "category": "network", "type": "denied", "dataset": "ebpf.network", "action": "drop"}, "network": {"transport": "tcp"}, "host": {"hostname": "semanticos-node", "os": {"platform": "linux", "family": "alpine"}}}
{"@timestamp": "2026-05-29T18:39:49.486801503Z", "event": {"kind": "event", "category": "process", "type": "start", "dataset": "ebpf.process", "action": "execve"}, "host": {"hostname": "semanticos-node", "os": {"platform": "linux", "family": "alpine"}}, "process": {"pid": 21838, "name": "containerd-shim", "executable": "/usr/bin/runc"}}
{"@timestamp": "2026-05-29T18:39:49.504255461Z", "event": {"kind": "event", "category": "process", "type": "start", "dataset": "ebpf.process", "action": "execve"}, "host": {"hostname": "semanticos-node", "os": {"platform": "linux", "family": "alpine"}}, "process": {"pid": 21845, "name": "runc", "executable": "/proc/self/fd/6"}}
{"@timestamp": "2026-05-29T18:39:49.531491461Z", "event": {"kind": "event", "category": "process", "type": "start", "dataset": "ebpf.process", "action": "execve"}, "host": {"hostname": "semanticos-node", "os": {"platform": "linux", "family": "alpine"}}, "process": {"pid": 21850, "name": "runc:[2:INIT]", "executable": "/usr/bin/wget"}}
{"@timestamp": "2026-05-29T18:39:50.068875503Z", "event": {"kind": "event", "category": "network", "type": "denied", "dataset": "ebpf.network", "action": "drop"}, "network": {"transport": "tcp"}, "host": {"hostname": "semanticos-node", "os": {"platform": "linux", "family": "alpine"}}}
{"@timestamp": "2026-05-29T18:39:52.068346462Z", "event": {"kind": "event", "category": "network", "type": "denied", "dataset": "ebpf.network", "action": "drop"}, "network": {"transport": "tcp"}, "host": {"hostname": "semanticos-node", "os": {"platform": "linux", "family": "alpine"}}}
{"@timestamp": "2026-05-29T18:39:54.06804188Z", "event": {"kind": "event", "category": "network", "type": "denied", "dataset": "ebpf.network", "action": "drop"}, "network": {"transport": "tcp"}, "host": {"hostname": "semanticos-node", "os": {"platform": "linux", "family": "alpine"}}}
{"@timestamp": "2026-05-29T18:39:56.069106756Z", "event": {"kind": "event", "category": "network", "type": "denied", "dataset": "ebpf.network", "action": "drop"}, "network": {"transport": "tcp"}, "host": {"hostname": "semanticos-node", "os": {"platform": "linux", "family": "alpine"}}}
{"@timestamp": "2026-05-29T18:39:58.068115132Z", "event": {"kind": "event", "category": "network", "type": "denied", "dataset": "ebpf.network", "action": "drop"}, "network": {"transport": "tcp"}, "host": {"hostname": "semanticos-node", "os": {"platform": "linux", "family": "alpine"}}}
{"@timestamp": "2026-05-29T18:39:59.561801007Z", "event": {"kind": "event", "category": "process", "type": "start", "dataset": "ebpf.process", "action": "execve"}, "host": {"hostname": "semanticos-node", "os": {"platform": "linux", "family": "alpine"}}, "process": {"pid": 21856, "name": "containerd-shim", "executable": "/usr/bin/runc"}}
{"@timestamp": "2026-05-29T18:39:59.574425424Z", "event": {"kind": "event", "category": "process", "type": "start", "dataset": "ebpf.process", "action": "execve"}, "host": {"hostname": "semanticos-node", "os": {"platform": "linux", "family": "alpine"}}, "process": {"pid": 21863, "name": "runc", "executable": "/proc/self/fd/6"}}
{"@timestamp": "2026-05-29T18:39:59.614187674Z", "event": {"kind": "event", "category": "process", "type": "start", "dataset": "ebpf.process", "action": "execve"}, "host": {"hostname": "semanticos-node", "os": {"platform": "linux", "family": "alpine"}}, "process": {"pid": 21868, "name": "runc:[2:INIT]", "executable": "/usr/bin/wget"}}
{"@timestamp": "2026-05-29T18:40:00.068630216Z", "event": {"kind": "event", "category": "network", "type": "denied", "dataset": "ebpf.network", "action": "drop"}, "network": {"transport": "tcp"}, "host": {"hostname": "semanticos-node", "os": {"platform": "linux", "family": "alpine"}}}
{"@timestamp": "2026-05-29T18:40:02.069247092Z", "event": {"kind": "event", "category": "network", "type": "denied", "dataset": "ebpf.network", "action": "drop"}, "network": {"transport": "tcp"}, "host": {"hostname": "semanticos-node", "os": {"platform": "linux", "family": "alpine"}}}
{"@timestamp": "2026-05-29T18:40:04.068683676Z", "event": {"kind": "event", "category": "network", "type": "denied", "dataset": "ebpf.network", "action": "drop"}, "network": {"transport": "tcp"}, "host": {"hostname": "semanticos-node", "os": {"platform": "linux", "family": "alpine"}}}
